Workbook

Sheet Summary
A1: shift.mk / productivity
A2: TICKETS PER HOUR · QUOTAS · SET FROM / TO TO REPORT ANY DAY, WEEK OR MONTH
A3: FROM | B3: 46296
A4: TO | B4: 46326
A6: TICKETS | B6: PRODUCTIVE HRS | C6: TICKETS / HR | D6: LOGGED HRS | E6: DEDUCTED HRS | F6: SHIFT HRS
A7: =SUMIFS(Daily!$I:$I,Daily!$A:$A,">="&$B$3,Daily!$A:$A,"<="&$B$4) | B7: =SUMIFS(Daily!$H:$H,Daily!$A:$A,">="&$B$3,Daily!$A:$A,"<="&$B$4) | C7: =IF(B7>0,A7/B7,0) | D7: =SUMIFS(Daily!$F:$F,Daily!$A:$A,">="&$B$3,Daily!$A:$A,"<="&$B$4) | E7: =SUMIFS(Daily!$G:$G,Daily!$A:$A,">="&$B$3,Daily!$A:$A,"<="&$B$4) | F7: =SUMIFS(Daily!$K:$K,Daily!$A:$A,">="&$B$3,Daily!$A:$A,"<="&$B$4)
A9: tickets / hr = tickets ÷ productive hours, after deductions. Ranges sum the daily totals, so it is weighted by hours.
A11: TASKS VS QUOTA (PRODUCTIVE TAGS)
A12: TASK | B12: TICKETS | C12: HOURS | D12: T / HR | E12: QUOTA / H | F12: EXPECTED | G12: ATTAINMENT
A13: =IF(AND(Setup!$A$2<>"",Setup!$B$2="Y"),Setup!$A$2,"") | B13: =IF($A13="","",SUMIFS(Daily!$I:$I,Daily!$A:$A,">="&$B$3,Daily!$A:$A,"<="&$B$4,Daily!$C:$C,$A13)) | C13: =IF($A13="","",SUMIFS(Daily!$H:$H,Daily!$A:$A,">="&$B$3,Daily!$A:$A,"<="&$B$4,Daily!$C:$C,$A13)) | D13: =IF($A13="","",IF(C13>0,B13/C13,0)) | E13: =IF($A13="","",IF(N(Setup!$C$2)>0,Setup!$C$2,"")) | F13: =IF($A13="","",IF(AND(N(E13)>0,C13>0),E13*C13,"")) | G13: =IF($A13="","",IF(F13="","",B13/F13))
A14: =IF(AND(Setup!$A$3<>"",Setup!$B$3="Y"),Setup!$A$3,"") | B14: =IF($A14="","",SUMIFS(Daily!$I:$I,Daily!$A:$A,">="&$B$3,Daily!$A:$A,"<="&$B$4,Daily!$C:$C,$A14)) | C14: =IF($A14="","",SUMIFS(Daily!$H:$H,Daily!$A:$A,">="&$B$3,Daily!$A:$A,"<="&$B$4,Daily!$C:$C,$A14)) | D14: =IF($A14="","",IF(C14>0,B14/C14,0)) | E14: =IF($A14="","",IF(N(Setup!$C$3)>0,Setup!$C$3,"")) | F14: =IF($A14="","",IF(AND(N(E14)>0,C14>0),E14*C14,"")) | G14: =IF($A14="","",IF(F14="","",B14/F14))
A15: =IF(AND(Setup!$A$7<>"",Setup!$B$7="Y"),Setup!$A$7,"") | B15: =IF($A15="","",SUMIFS(Daily!$I:$I,Daily!$A:$A,">="&$B$3,Daily!$A:$A,"<="&$B$4,Daily!$C:$C,$A15)) | C15: =IF($A15="","",SUMIFS(Daily!$H:$H,Daily!$A:$A,">="&$B$3,Daily!$A:$A,"<="&$B$4,Daily!$C:$C,$A15)) | D15: =IF($A15="","",IF(C15>0,B15/C15,0)) | E15: =IF($A15="","",IF(N(Setup!$C$7)>0,Setup!$C$7,"")) | F15: =IF($A15="","",IF(AND(N(E15)>0,C15>0),E15*C15,"")) | G15: =IF($A15="","",IF(F15="","",B15/F15))
A16: =IF(AND(Setup!$A$8<>"",Setup!$B$8="Y"),Setup!$A$8,"") | B16: =IF($A16="","",SUMIFS(Daily!$I:$I,Daily!$A:$A,">="&$B$3,Daily!$A:$A,"<="&$B$4,Daily!$C:$C,$A16)) | C16: =IF($A16="","",SUMIFS(Daily!$H:$H,Daily!$A:$A,">="&$B$3,Daily!$A:$A,"<="&$B$4,Daily!$C:$C,$A16)) | D16: =IF($A16="","",IF(C16>0,B16/C16,0)) | E16: =IF($A16="","",IF(N(Setup!$C$8)>0,Setup!$C$8,"")) | F16: =IF($A16="","",IF(AND(N(E16)>0,C16>0),E16*C16,"")) | G16: =IF($A16="","",IF(F16="","",B16/F16))
A17: =IF(AND(Setup!$A$9<>"",Setup!$B$9="Y"),Setup!$A$9,"") | B17: =IF($A17="","",SUMIFS(Daily!$I:$I,Daily!$A:$A,">="&$B$3,Daily!$A:$A,"<="&$B$4,Daily!$C:$C,$A17)) | C17: =IF($A17="","",SUMIFS(Daily!$H:$H,Daily!$A:$A,">="&$B$3,Daily!$A:$A,"<="&$B$4,Daily!$C:$C,$A17)) | D17: =IF($A17="","",IF(C17>0,B17/C17,0)) | E17: =IF($A17="","",IF(N(Setup!$C$9)>0,Setup!$C$9,"")) | F17: =IF($A17="","",IF(AND(N(E17)>0,C17>0),E17*C17,"")) | G17: =IF($A17="","",IF(F17="","",B17/F17))
A18: =IF(AND(Setup!$A$10<>"",Setup!$B$10="Y"),Setup!$A$10,"") | B18: =IF($A18="","",SUMIFS(Daily!$I:$I,Daily!$A:$A,">="&$B$3,Daily!$A:$A,"<="&$B$4,Daily!$C:$C,$A18)) | C18: =IF($A18="","",SUMIFS(Daily!$H:$H,Daily!$A:$A,">="&$B$3,Daily!$A:$A,"<="&$B$4,Daily!$C:$C,$A18)) | D18: =IF($A18="","",IF(C18>0,B18/C18,0)) | E18: =IF($A18="","",IF(N(Setup!$C$10)>0,Setup!$C$10,"")) | F18: =IF($A18="","",IF(AND(N(E18)>0,C18>0),E18*C18,"")) | G18: =IF($A18="","",IF(F18="","",B18/F18))
A20: TIME BY TAG
A21: TAG | B21: HOURS | C21: % OF LOGGED
A22: =IF(Setup!$A$2="","",Setup!$A$2) | B22: =IF($A22="","",SUMIFS(Daily!$F:$F,Daily!$A:$A,">="&$B$3,Daily!$A:$A,"<="&$B$4,Daily!$C:$C,$A22)) | C22: =IF($A22="","",IF($D$7>0,B22/$D$7,0))
A23: =IF(Setup!$A$3="","",Setup!$A$3) | B23: =IF($A23="","",SUMIFS(Daily!$F:$F,Daily!$A:$A,">="&$B$3,Daily!$A:$A,"<="&$B$4,Daily!$C:$C,$A23)) | C23: =IF($A23="","",IF($D$7>0,B23/$D$7,0))
A24: =IF(Setup!$A$4="","",Setup!$A$4) | B24: =IF($A24="","",SUMIFS(Daily!$F:$F,Daily!$A:$A,">="&$B$3,Daily!$A:$A,"<="&$B$4,Daily!$C:$C,$A24)) | C24: =IF($A24="","",IF($D$7>0,B24/$D$7,0))
A25: =IF(Setup!$A$5="","",Setup!$A$5) | B25: =IF($A25="","",SUMIFS(Daily!$F:$F,Daily!$A:$A,">="&$B$3,Daily!$A:$A,"<="&$B$4,Daily!$C:$C,$A25)) | C25: =IF($A25="","",IF($D$7>0,B25/$D$7,0))
A26: =IF(Setup!$A$6="","",Setup!$A$6) | B26: =IF($A26="","",SUMIFS(Daily!$F:$F,Daily!$A:$A,">="&$B$3,Daily!$A:$A,"<="&$B$4,Daily!$C:$C,$A26)) | C26: =IF($A26="","",IF($D$7>0,B26/$D$7,0))
A27: =IF(Setup!$A$7="","",Setup!$A$7) | B27: =IF($A27="","",SUMIFS(Daily!$F:$F,Daily!$A:$A,">="&$B$3,Daily!$A:$A,"<="&$B$4,Daily!$C:$C,$A27)) | C27: =IF($A27="","",IF($D$7>0,B27/$D$7,0))
A28: =IF(Setup!$A$8="","",Setup!$A$8) | B28: =IF($A28="","",SUMIFS(Daily!$F:$F,Daily!$A:$A,">="&$B$3,Daily!$A:$A,"<="&$B$4,Daily!$C:$C,$A28)) | C28: =IF($A28="","",IF($D$7>0,B28/$D$7,0))
A29: =IF(Setup!$A$9="","",Setup!$A$9) | B29: =IF($A29="","",SUMIFS(Daily!$F:$F,Daily!$A:$A,">="&$B$3,Daily!$A:$A,"<="&$B$4,Daily!$C:$C,$A29)) | C29: =IF($A29="","",IF($D$7>0,B29/$D$7,0))
A30: =IF(Setup!$A$10="","",Setup!$A$10) | B30: =IF($A30="","",SUMIFS(Daily!$F:$F,Daily!$A:$A,">="&$B$3,Daily!$A:$A,"<="&$B$4,Daily!$C:$C,$A30)) | C30: =IF($A30="","",IF($D$7>0,B30/$D$7,0))

Sheet Daily
B1: 46296 | E1: shift 23:00 → 08:00 · 9.00 h · 18 intervals
B2: SLOT | C2: TAG | D2: TICKETS | E2: MINS | F2: HOURS | G2: DEDUCTED | H2: PROD HRS | I2: TICKETS | J2: T / HR
A3: 46296 | B3: 23:00–23:30 | F3: =IF($C3="","",IF($E3="",30,$E3)/60) | G3: =IF($C3="","",(30-IF($E3="",30,$E3))/60) | H3: =IF($C3="",0,IF(IFERROR(VLOOKUP($C3,Setup!$A$2:$B$60,2,FALSE),"N")="Y",$F3,0)) | I3: =IF($C3="",0,IF(IFERROR(VLOOKUP($C3,Setup!$A$2:$B$60,2,FALSE),"N")="Y",N($D3),0)) | J3: =IF($H3>0,$I3/$H3,"") | K3: =IF($F21>0,9,0)
A4: 46296 | B4: 23:30–00:00 | F4: =IF($C4="","",IF($E4="",30,$E4)/60) | G4: =IF($C4="","",(30-IF($E4="",30,$E4))/60) | H4: =IF($C4="",0,IF(IFERROR(VLOOKUP($C4,Setup!$A$2:$B$60,2,FALSE),"N")="Y",$F4,0)) | I4: =IF($C4="",0,IF(IFERROR(VLOOKUP($C4,Setup!$A$2:$B$60,2,FALSE),"N")="Y",N($D4),0)) | J4: =IF($H4>0,$I4/$H4,"")
A5: 46296 | B5: 00:00–00:30 | F5: =IF($C5="","",IF($E5="",30,$E5)/60) | G5: =IF($C5="","",(30-IF($E5="",30,$E5))/60) | H5: =IF($C5="",0,IF(IFERROR(VLOOKUP($C5,Setup!$A$2:$B$60,2,FALSE),"N")="Y",$F5,0)) | I5: =IF($C5="",0,IF(IFERROR(VLOOKUP($C5,Setup!$A$2:$B$60,2,FALSE),"N")="Y",N($D5),0)) | J5: =IF($H5>0,$I5/$H5,"")
A6: 46296 | B6: 00:30–01:00 | F6: =IF($C6="","",IF($E6="",30,$E6)/60) | G6: =IF($C6="","",(30-IF($E6="",30,$E6))/60) | H6: =IF($C6="",0,IF(IFERROR(VLOOKUP($C6,Setup!$A$2:$B$60,2,FALSE),"N")="Y",$F6,0)) | I6: =IF($C6="",0,IF(IFERROR(VLOOKUP($C6,Setup!$A$2:$B$60,2,FALSE),"N")="Y",N($D6),0)) | J6: =IF($H6>0,$I6/$H6,"")
A7: 46296 | B7: 01:00–01:30 | F7: =IF($C7="","",IF($E7="",30,$E7)/60) | G7: =IF($C7="","",(30-IF($E7="",30,$E7))/60) | H7: =IF($C7="",0,IF(IFERROR(VLOOKUP($C7,Setup!$A$2:$B$60,2,FALSE),"N")="Y",$F7,0)) | I7: =IF($C7="",0,IF(IFERROR(VLOOKUP($C7,Setup!$A$2:$B$60,2,FALSE),"N")="Y",N($D7),0)) | J7: =IF($H7>0,$I7/$H7,"")
A8: 46296 | B8: 01:30–02:00 | F8: =IF($C8="","",IF($E8="",30,$E8)/60) | G8: =IF($C8="","",(30-IF($E8="",30,$E8))/60) | H8: =IF($C8="",0,IF(IFERROR(VLOOKUP($C8,Setup!$A$2:$B$60,2,FALSE),"N")="Y",$F8,0)) | I8: =IF($C8="",0,IF(IFERROR(VLOOKUP($C8,Setup!$A$2:$B$60,2,FALSE),"N")="Y",N($D8),0)) | J8: =IF($H8>0,$I8/$H8,"")
A9: 46296 | B9: 02:00–02:30 | F9: =IF($C9="","",IF($E9="",30,$E9)/60) | G9: =IF($C9="","",(30-IF($E9="",30,$E9))/60) | H9: =IF($C9="",0,IF(IFERROR(VLOOKUP($C9,Setup!$A$2:$B$60,2,FALSE),"N")="Y",$F9,0)) | I9: =IF($C9="",0,IF(IFERROR(VLOOKUP($C9,Setup!$A$2:$B$60,2,FALSE),"N")="Y",N($D9),0)) | J9: =IF($H9>0,$I9/$H9,"")
A10: 46296 | B10: 02:30–03:00 | F10: =IF($C10="","",IF($E10="",30,$E10)/60) | G10: =IF($C10="","",(30-IF($E10="",30,$E10))/60) | H10: =IF($C10="",0,IF(IFERROR(VLOOKUP($C10,Setup!$A$2:$B$60,2,FALSE),"N")="Y",$F10,0)) | I10: =IF($C10="",0,IF(IFERROR(VLOOKUP($C10,Setup!$A$2:$B$60,2,FALSE),"N")="Y",N($D10),0)) | J10: =IF($H10>0,$I10/$H10,"")
A11: 46296 | B11: 03:00–03:30 | F11: =IF($C11="","",IF($E11="",30,$E11)/60) | G11: =IF($C11="","",(30-IF($E11="",30,$E11))/60) | H11: =IF($C11="",0,IF(IFERROR(VLOOKUP($C11,Setup!$A$2:$B$60,2,FALSE),"N")="Y",$F11,0)) | I11: =IF($C11="",0,IF(IFERROR(VLOOKUP($C11,Setup!$A$2:$B$60,2,FALSE),"N")="Y",N($D11),0)) | J11: =IF($H11>0,$I11/$H11,"")
A12: 46296 | B12: 03:30–04:00 | F12: =IF($C12="","",IF($E12="",30,$E12)/60) | G12: =IF($C12="","",(30-IF($E12="",30,$E12))/60) | H12: =IF($C12="",0,IF(IFERROR(VLOOKUP($C12,Setup!$A$2:$B$60,2,FALSE),"N")="Y",$F12,0)) | I12: =IF($C12="",0,IF(IFERROR(VLOOKUP($C12,Setup!$A$2:$B$60,2,FALSE),"N")="Y",N($D12),0)) | J12: =IF($H12>0,$I12/$H12,"")
A13: 46296 | B13: 04:00–04:30 | F13: =IF($C13="","",IF($E13="",30,$E13)/60) | G13: =IF($C13="","",(30-IF($E13="",30,$E13))/60) | H13: =IF($C13="",0,IF(IFERROR(VLOOKUP($C13,Setup!$A$2:$B$60,2,FALSE),"N")="Y",$F13,0)) | I13: =IF($C13="",0,IF(IFERROR(VLOOKUP($C13,Setup!$A$2:$B$60,2,FALSE),"N")="Y",N($D13),0)) | J13: =IF($H13>0,$I13/$H13,"")
A14: 46296 | B14: 04:30–05:00 | F14: =IF($C14="","",IF($E14="",30,$E14)/60) | G14: =IF($C14="","",(30-IF($E14="",30,$E14))/60) | H14: =IF($C14="",0,IF(IFERROR(VLOOKUP($C14,Setup!$A$2:$B$60,2,FALSE),"N")="Y",$F14,0)) | I14: =IF($C14="",0,IF(IFERROR(VLOOKUP($C14,Setup!$A$2:$B$60,2,FALSE),"N")="Y",N($D14),0)) | J14: =IF($H14>0,$I14/$H14,"")
A15: 46296 | B15: 05:00–05:30 | F15: =IF($C15="","",IF($E15="",30,$E15)/60) | G15: =IF($C15="","",(30-IF($E15="",30,$E15))/60) | H15: =IF($C15="",0,IF(IFERROR(VLOOKUP($C15,Setup!$A$2:$B$60,2,FALSE),"N")="Y",$F15,0)) | I15: =IF($C15="",0,IF(IFERROR(VLOOKUP($C15,Setup!$A$2:$B$60,2,FALSE),"N")="Y",N($D15),0)) | J15: =IF($H15>0,$I15/$H15,"")
... A20: 46296 | B20: 07:30–08:00 | F20: =IF($C20="","",IF($E20="",30,$E20)/60) | G20: =IF($C20="","",(30-IF($E20="",30,$E20))/60) | H20: =IF($C20="",0,IF(IFERROR(VLOOKUP($C20,Setup!$A$2:$B$60,2,FALSE),"N")="Y",$F20,0)) | I20: =IF($C20="",0,IF(IFERROR(VLOOKUP($C20,Setup!$A$2:$B$60,2,FALSE),"N")="Y",N($D20),0)) | J20: =IF($H20>0,$I20/$H20,"")
B21: TOTAL | D21: =SUM(I3:I20) | F21: =SUM(F3:F20) | G21: =SUM(G3:G20) | H21: =SUM(H3:H20) | J21: =IF(H21>0,D21/H21,"")
B23: 46297 | E23: shift 23:00 → 08:00 · 9.00 h · 18 intervals
B24: SLOT | C24: TAG | D24: TICKETS | E24: MINS | F24: HOURS | G24: DEDUCTED | H24: PROD HRS | I24: TICKETS | J24: T / HR
A25: 46297 | B25: 23:00–23:30 | F25: =IF($C25="","",IF($E25="",30,$E25)/60) | G25: =IF($C25="","",(30-IF($E25="",30,$E25))/60) | H25: =IF($C25="",0,IF(IFERROR(VLOOKUP($C25,Setup!$A$2:$B$60,2,FALSE),"N")="Y",$F25,0)) | I25: =IF($C25="",0,IF(IFERROR(VLOOKUP($C25,Setup!$A$2:$B$60,2,FALSE),"N")="Y",N($D25),0)) | J25: =IF($H25>0,$I25/$H25,"") | K25: =IF($F43>0,9,0)
A26: 46297 | B26: 23:30–00:00 | F26: =IF($C26="","",IF($E26="",30,$E26)/60) | G26: =IF($C26="","",(30-IF($E26="",30,$E26))/60) | H26: =IF($C26="",0,IF(IFERROR(VLOOKUP($C26,Setup!$A$2:$B$60,2,FALSE),"N")="Y",$F26,0)) | I26: =IF($C26="",0,IF(IFERROR(VLOOKUP($C26,Setup!$A$2:$B$60,2,FALSE),"N")="Y",N($D26),0)) | J26: =IF($H26>0,$I26/$H26,"")
A27: 46297 | B27: 00:00–00:30 | F27: =IF($C27="","",IF($E27="",30,$E27)/60) | G27: =IF($C27="","",(30-IF($E27="",30,$E27))/60) | H27: =IF($C27="",0,IF(IFERROR(VLOOKUP($C27,Setup!$A$2:$B$60,2,FALSE),"N")="Y",$F27,0)) | I27: =IF($C27="",0,IF(IFERROR(VLOOKUP($C27,Setup!$A$2:$B$60,2,FALSE),"N")="Y",N($D27),0)) | J27: =IF($H27>0,$I27/$H27,"")
A28: 46297 | B28: 00:30–01:00 | F28: =IF($C28="","",IF($E28="",30,$E28)/60) | G28: =IF($C28="","",(30-IF($E28="",30,$E28))/60) | H28: =IF($C28="",0,IF(IFERROR(VLOOKUP($C28,Setup!$A$2:$B$60,2,FALSE),"N")="Y",$F28,0)) | I28: =IF($C28="",0,IF(IFERROR(VLOOKUP($C28,Setup!$A$2:$B$60,2,FALSE),"N")="Y",N($D28),0)) | J28: =IF($H28>0,$I28/$H28,"")
A29: 46297 | B29: 01:00–01:30 | F29: =IF($C29="","",IF($E29="",30,$E29)/60) | G29: =IF($C29="","",(30-IF($E29="",30,$E29))/60) | H29: =IF($C29="",0,IF(IFERROR(VLOOKUP($C29,Setup!$A$2:$B$60,2,FALSE),"N")="Y",$F29,0)) | I29: =IF($C29="",0,IF(IFERROR(VLOOKUP($C29,Setup!$A$2:$B$60,2,FALSE),"N")="Y",N($D29),0)) | J29: =IF($H29>0,$I29/$H29,"")
A30: 46297 | B30: 01:30–02:00 | F30: =IF($C30="","",IF($E30="",30,$E30)/60) | G30: =IF($C30="","",(30-IF($E30="",30,$E30))/60) | H30: =IF($C30="",0,IF(IFERROR(VLOOKUP($C30,Setup!$A$2:$B$60,2,FALSE),"N")="Y",$F30,0)) | I30: =IF($C30="",0,IF(IFERROR(VLOOKUP($C30,Setup!$A$2:$B$60,2,FALSE),"N")="Y",N($D30),0)) | J30: =IF($H30>0,$I30/$H30,"")
A31: 46297 | B31: 02:00–02:30 | F31: =IF($C31="","",IF($E31="",30,$E31)/60) | G31: =IF($C31="","",(30-IF($E31="",30,$E31))/60) | H31: =IF($C31="",0,IF(IFERROR(VLOOKUP($C31,Setup!$A$2:$B$60,2,FALSE),"N")="Y",$F31,0)) | I31: =IF($C31="",0,IF(IFERROR(VLOOKUP($C31,Setup!$A$2:$B$60,2,FALSE),"N")="Y",N($D31),0)) | J31: =IF($H31>0,$I31/$H31,"")
A32: 46297 | B32: 02:30–03:00 | F32: =IF($C32="","",IF($E32="",30,$E32)/60) | G32: =IF($C32="","",(30-IF($E32="",30,$E32))/60) | H32: =IF($C32="",0,IF(IFERROR(VLOOKUP($C32,Setup!$A$2:$B$60,2,FALSE),"N")="Y",$F32,0)) | I32: =IF($C32="",0,IF(IFERROR(VLOOKUP($C32,Setup!$A$2:$B$60,2,FALSE),"N")="Y",N($D32),0)) | J32: =IF($H32>0,$I32/$H32,"")
A33: 46297 | B33: 03:00–03:30 | F33: =IF($C33="","",IF($E33="",30,$E33)/60) | G33: =IF($C33="","",(30-IF($E33="",30,$E33))/60) | H33: =IF($C33="",0,IF(IFERROR(VLOOKUP($C33,Setup!$A$2:$B$60,2,FALSE),"N")="Y",$F33,0)) | I33: =IF($C33="",0,IF(IFERROR(VLOOKUP($C33,Setup!$A$2:$B$60,2,FALSE),"N")="Y",N($D33),0)) | J33: =IF($H33>0,$I33/$H33,"")
A34: 46297 | B34: 03:30–04:00 | F34: =IF($C34="","",IF($E34="",30,$E34)/60) | G34: =IF($C34="","",(30-IF($E34="",30,$E34))/60) | H34: =IF($C34="",0,IF(IFERROR(VLOOKUP($C34,Setup!$A$2:$B$60,2,FALSE),"N")="Y",$F34,0)) | I34: =IF($C34="",0,IF(IFERROR(VLOOKUP($C34,Setup!$A$2:$B$60,2,FALSE),"N")="Y",N($D34),0)) | J34: =IF($H34>0,$I34/$H34,"")
A35: 46297 | B35: 04:00–04:30 | F35: =IF($C35="","",IF($E35="",30,$E35)/60) | G35: =IF($C35="","",(30-IF($E35="",30,$E35))/60) | H35: =IF($C35="",0,IF(IFERROR(VLOOKUP($C35,Setup!$A$2:$B$60,2,FALSE),"N")="Y",$F35,0)) | I35: =IF($C35="",0,IF(IFERROR(VLOOKUP($C35,Setup!$A$2:$B$60,2,FALSE),"N")="Y",N($D35),0)) | J35: =IF($H35>0,$I35/$H35,"")
A36: 46297 | B36: 04:30–05:00 | F36: =IF($C36="","",IF($E36="",30,$E36)/60) | G36: =IF($C36="","",(30-IF($E36="",30,$E36))/60) | H36: =IF($C36="",0,IF(IFERROR(VLOOKUP($C36,Setup!$A$2:$B$60,2,FALSE),"N")="Y",$F36,0)) | I36: =IF($C36="",0,IF(IFERROR(VLOOKUP($C36,Setup!$A$2:$B$60,2,FALSE),"N")="Y",N($D36),0)) | J36: =IF($H36>0,$I36/$H36,"")
A37: 46297 | B37: 05:00–05:30 | F37: =IF($C37="","",IF($E37="",30,$E37)/60) | G37: =IF($C37="","",(30-IF($E37="",30,$E37))/60) | H37: =IF($C37="",0,IF(IFERROR(VLOOKUP($C37,Setup!$A$2:$B$60,2,FALSE),"N")="Y",$F37,0)) | I37: =IF($C37="",0,IF(IFERROR(VLOOKUP($C37,Setup!$A$2:$B$60,2,FALSE),"N")="Y",N($D37),0)) | J37: =IF($H37>0,$I37/$H37,"")
... A42: 46297 | B42: 07:30–08:00 | F42: =IF($C42="","",IF($E42="",30,$E42)/60) | G42: =IF($C42="","",(30-IF($E42="",30,$E42))/60) | H42: =IF($C42="",0,IF(IFERROR(VLOOKUP($C42,Setup!$A$2:$B$60,2,FALSE),"N")="Y",$F42,0)) | I42: =IF($C42="",0,IF(IFERROR(VLOOKUP($C42,Setup!$A$2:$B$60,2,FALSE),"N")="Y",N($D42),0)) | J42: =IF($H42>0,$I42/$H42,"")
B43: TOTAL | D43: =SUM(I25:I42) | F43: =SUM(F25:F42) | G43: =SUM(G25:G42) | H43: =SUM(H25:H42) | J43: =IF(H43>0,D43/H43,"")
B45: 46298 | E45: shift 23:00 → 08:00 · 9.00 h · 18 intervals
B46: SLOT | C46: TAG | D46: TICKETS | E46: MINS | F46: HOURS | G46: DEDUCTED | H46: PROD HRS | I46: TICKETS | J46: T / HR
A47: 46298 | B47: 23:00–23:30 | F47: =IF($C47="","",IF($E47="",30,$E47)/60) | G47: =IF($C47="","",(30-IF($E47="",30,$E47))/60) | H47: =IF($C47="",0,IF(IFERROR(VLOOKUP($C47,Setup!$A$2:$B$60,2,FALSE),"N")="Y",$F47,0)) | I47: =IF($C47="",0,IF(IFERROR(VLOOKUP($C47,Setup!$A$2:$B$60,2,FALSE),"N")="Y",N($D47),0)) | J47: =IF($H47>0,$I47/$H47,"") | K47: =IF($F65>0,9,0)
A48: 46298 | B48: 23:30–00:00 | F48: =IF($C48="","",IF($E48="",30,$E48)/60) | G48: =IF($C48="","",(30-IF($E48="",30,$E48))/60) | H48: =IF($C48="",0,IF(IFERROR(VLOOKUP($C48,Setup!$A$2:$B$60,2,FALSE),"N")="Y",$F48,0)) | I48: =IF($C48="",0,IF(IFERROR(VLOOKUP($C48,Setup!$A$2:$B$60,2,FALSE),"N")="Y",N($D48),0)) | J48: =IF($H48>0,$I48/$H48,"")
A49: 46298 | B49: 00:00–00:30 | F49: =IF($C49="","",IF($E49="",30,$E49)/60) | G49: =IF($C49="","",(30-IF($E49="",30,$E49))/60) | H49: =IF($C49="",0,IF(IFERROR(VLOOKUP($C49,Setup!$A$2:$B$60,2,FALSE),"N")="Y",$F49,0)) | I49: =IF($C49="",0,IF(IFERROR(VLOOKUP($C49,Setup!$A$2:$B$60,2,FALSE),"N")="Y",N($D49),0)) | J49: =IF($H49>0,$I49/$H49,"")
A50: 46298 | B50: 00:30–01:00 | F50: =IF($C50="","",IF($E50="",30,$E50)/60) | G50: =IF($C50="","",(30-IF($E50="",30,$E50))/60) | H50: =IF($C50="",0,IF(IFERROR(VLOOKUP($C50,Setup!$A$2:$B$60,2,FALSE),"N")="Y",$F50,0)) | I50: =IF($C50="",0,IF(IFERROR(VLOOKUP($C50,Setup!$A$2:$B$60,2,FALSE),"N")="Y",N($D50),0)) | J50: =IF($H50>0,$I50/$H50,"")
A51: 46298 | B51: 01:00–01:30 | F51: =IF($C51="","",IF($E51="",30,$E51)/60) | G51: =IF($C51="","",(30-IF($E51="",30,$E51))/60) | H51: =IF($C51="",0,IF(IFERROR(VLOOKUP($C51,Setup!$A$2:$B$60,2,FALSE),"N")="Y",$F51,0)) | I51: =IF($C51="",0,IF(IFERROR(VLOOKUP($C51,Setup!$A$2:$B$60,2,FALSE),"N")="Y",N($D51),0)) | J51: =IF($H51>0,$I51/$H51,"")
A52: 46298 | B52: 01:30–02:00 | F52: =IF($C52="","",IF($E52="",30,$E52)/60) | G52: =IF($C52="","",(30-IF($E52="",30,$E52))/60) | H52: =IF($C52="",0,IF(IFERROR(VLOOKUP($C52,Setup!$A$2:$B$60,2,FALSE),"N")="Y",$F52,0)) | I52: =IF($C52="",0,IF(IFERROR(VLOOKUP($C52,Setup!$A$2:$B$60,2,FALSE),"N")="Y",N($D52),0)) | J52: =IF($H52>0,$I52/$H52,"")
A53: 46298 | B53: 02:00–02:30 | F53: =IF($C53="","",IF($E53="",30,$E53)/60) | G53: =IF($C53="","",(30-IF($E53="",30,$E53))/60) | H53: =IF($C53="",0,IF(IFERROR(VLOOKUP($C53,Setup!$A$2:$B$60,2,FALSE),"N")="Y",$F53,0)) | I53: =IF($C53="",0,IF(IFERROR(VLOOKUP($C53,Setup!$A$2:$B$60,2,FALSE),"N")="Y",N($D53),0)) | J53: =IF($H53>0,$I53/$H53,"")
A54: 46298 | B54: 02:30–03:00 | F54: =IF($C54="","",IF($E54="",30,$E54)/60) | G54: =IF($C54="","",(30-IF($E54="",30,$E54))/60) | H54: =IF($C54="",0,IF(IFERROR(VLOOKUP($C54,Setup!$A$2:$B$60,2,FALSE),"N")="Y",$F54,0)) | I54: =IF($C54="",0,IF(IFERROR(VLOOKUP($C54,Setup!$A$2:$B$60,2,FALSE),"N")="Y",N($D54),0)) | J54: =IF($H54>0,$I54/$H54,"")
A55: 46298 | B55: 03:00–03:30 | F55: =IF($C55="","",IF($E55="",30,$E55)/60) | G55: =IF($C55="","",(30-IF($E55="",30,$E55))/60) | H55: =IF($C55="",0,IF(IFERROR(VLOOKUP($C55,Setup!$A$2:$B$60,2,FALSE),"N")="Y",$F55,0)) | I55: =IF($C55="",0,IF(IFERROR(VLOOKUP($C55,Setup!$A$2:$B$60,2,FALSE),"N")="Y",N($D55),0)) | J55: =IF($H55>0,$I55/$H55,"")
A56: 46298 | B56: 03:30–04:00 | F56: =IF($C56="","",IF($E56="",30,$E56)/60) | G56: =IF($C56="","",(30-IF($E56="",30,$E56))/60) | H56: =IF($C56="",0,IF(IFERROR(VLOOKUP($C56,Setup!$A$2:$B$60,2,FALSE),"N")="Y",$F56,0)) | I56: =IF($C56="",0,IF(IFERROR(VLOOKUP($C56,Setup!$A$2:$B$60,2,FALSE),"N")="Y",N($D56),0)) | J56: =IF($H56>0,$I56/$H56,"")
A57: 46298 | B57: 04:00–04:30 | F57: =IF($C57="","",IF($E57="",30,$E57)/60) | G57: =IF($C57="","",(30-IF($E57="",30,$E57))/60) | H57: =IF($C57="",0,IF(IFERROR(VLOOKUP($C57,Setup!$A$2:$B$60,2,FALSE),"N")="Y",$F57,0)) | I57: =IF($C57="",0,IF(IFERROR(VLOOKUP($C57,Setup!$A$2:$B$60,2,FALSE),"N")="Y",N($D57),0)) | J57: =IF($H57>0,$I57/$H57,"")
A58: 46298 | B58: 04:30–05:00 | F58: =IF($C58="","",IF($E58="",30,$E58)/60) | G58: =IF($C58="","",(30-IF($E58="",30,$E58))/60) | H58: =IF($C58="",0,IF(IFERROR(VLOOKUP($C58,Setup!$A$2:$B$60,2,FALSE),"N")="Y",$F58,0)) | I58: =IF($C58="",0,IF(IFERROR(VLOOKUP($C58,Setup!$A$2:$B$60,2,FALSE),"N")="Y",N($D58),0)) | J58: =IF($H58>0,$I58/$H58,"")
A59: 46298 | B59: 05:00–05:30 | F59: =IF($C59="","",IF($E59="",30,$E59)/60) | G59: =IF($C59="","",(30-IF($E59="",30,$E59))/60) | H59: =IF($C59="",0,IF(IFERROR(VLOOKUP($C59,Setup!$A$2:$B$60,2,FALSE),"N")="Y",$F59,0)) | I59: =IF($C59="",0,IF(IFERROR(VLOOKUP($C59,Setup!$A$2:$B$60,2,FALSE),"N")="Y",N($D59),0)) | J59: =IF($H59>0,$I59/$H59,"")
... A64: 46298 | B64: 07:30–08:00 | F64: =IF($C64="","",IF($E64="",30,$E64)/60) | G64: =IF($C64="","",(30-IF($E64="",30,$E64))/60) | H64: =IF($C64="",0,IF(IFERROR(VLOOKUP($C64,Setup!$A$2:$B$60,2,FALSE),"N")="Y",$F64,0)) | I64: =IF($C64="",0,IF(IFERROR(VLOOKUP($C64,Setup!$A$2:$B$60,2,FALSE),"N")="Y",N($D64),0)) | J64: =IF($H64>0,$I64/$H64,"")
B65: TOTAL | D65: =SUM(I47:I64) | F65: =SUM(F47:F64) | G65: =SUM(G47:G64) | H65: =SUM(H47:H64) | J65: =IF(H65>0,D65/H65,"")
B67: 46299 | E67: shift 23:00 → 08:00 · 9.00 h · 18 intervals
B68: SLOT | C68: TAG | D68: TICKETS | E68: MINS | F68: HOURS | G68: DEDUCTED | H68: PROD HRS | I68: TICKETS | J68: T / HR
A69: 46299 | B69: 23:00–23:30 | F69: =IF($C69="","",IF($E69="",30,$E69)/60) | G69: =IF($C69="","",(30-IF($E69="",30,$E69))/60) | H69: =IF($C69="",0,IF(IFERROR(VLOOKUP($C69,Setup!$A$2:$B$60,2,FALSE),"N")="Y",$F69,0)) | I69: =IF($C69="",0,IF(IFERROR(VLOOKUP($C69,Setup!$A$2:$B$60,2,FALSE),"N")="Y",N($D69),0)) | J69: =IF($H69>0,$I69/$H69,"") | K69: =IF($F87>0,9,0)
A70: 46299 | B70: 23:30–00:00 | F70: =IF($C70="","",IF($E70="",30,$E70)/60) | G70: =IF($C70="","",(30-IF($E70="",30,$E70))/60) | H70: =IF($C70="",0,IF(IFERROR(VLOOKUP($C70,Setup!$A$2:$B$60,2,FALSE),"N")="Y",$F70,0)) | I70: =IF($C70="",0,IF(IFERROR(VLOOKUP($C70,Setup!$A$2:$B$60,2,FALSE),"N")="Y",N($D70),0)) | J70: =IF($H70>0,$I70/$H70,"")
A71: 46299 | B71: 00:00–00:30 | F71: =IF($C71="","",IF($E71="",30,$E71)/60) | G71: =IF($C71="","",(30-IF($E71="",30,$E71))/60) | H71: =IF($C71="",0,IF(IFERROR(VLOOKUP($C71,Setup!$A$2:$B$60,2,FALSE),"N")="Y",$F71,0)) | I71: =IF($C71="",0,IF(IFERROR(VLOOKUP($C71,Setup!$A$2:$B$60,2,FALSE),"N")="Y",N($D71),0)) | J71: =IF($H71>0,$I71/$H71,"")
A72: 46299 | B72: 00:30–01:00 | F72: =IF($C72="","",IF($E72="",30,$E72)/60) | G72: =IF($C72="","",(30-IF($E72="",30,$E72))/60) | H72: =IF($C72="",0,IF(IFERROR(VLOOKUP($C72,Setup!$A$2:$B$60,2,FALSE),"N")="Y",$F72,0)) | I72: =IF($C72="",0,IF(IFERROR(VLOOKUP($C72,Setup!$A$2:$B$60,2,FALSE),"N")="Y",N($D72),0)) | J72: =IF($H72>0,$I72/$H72,"")
A73: 46299 | B73: 01:00–01:30 | F73: =IF($C73="","",IF($E73="",30,$E73)/60) | G73: =IF($C73="","",(30-IF($E73="",30,$E73))/60) | H73: =IF($C73="",0,IF(IFERROR(VLOOKUP($C73,Setup!$A$2:$B$60,2,FALSE),"N")="Y",$F73,0)) | I73: =IF($C73="",0,IF(IFERROR(VLOOKUP($C73,Setup!$A$2:$B$60,2,FALSE),"N")="Y",N($D73),0)) | J73: =IF($H73>0,$I73/$H73,"")
A74: 46299 | B74: 01:30–02:00 | F74: =IF($C74="","",IF($E74="",30,$E74)/60) | G74: =IF($C74="","",(30-IF($E74="",30,$E74))/60) | H74: =IF($C74="",0,IF(IFERROR(VLOOKUP($C74,Setup!$A$2:$B$60,2,FALSE),"N")="Y",$F74,0)) | I74: =IF($C74="",0,IF(IFERROR(VLOOKUP($C74,Setup!$A$2:$B$60,2,FALSE),"N")="Y",N($D74),0)) | J74: =IF($H74>0,$I74/$H74,"")
A75: 46299 | B75: 02:00–02:30 | F75: =IF($C75="","",IF($E75="",30,$E75)/60) | G75: =IF($C75="","",(30-IF($E75="",30,$E75))/60) | H75: =IF($C75="",0,IF(IFERROR(VLOOKUP($C75,Setup!$A$2:$B$60,2,FALSE),"N")="Y",$F75,0)) | I75: =IF($C75="",0,IF(IFERROR(VLOOKUP($C75,Setup!$A$2:$B$60,2,FALSE),"N")="Y",N($D75),0)) | J75: =IF($H75>0,$I75/$H75,"")
A76: 46299 | B76: 02:30–03:00 | F76: =IF($C76="","",IF($E76="",30,$E76)/60) | G76: =IF($C76="","",(30-IF($E76="",30,$E76))/60) | H76: =IF($C76="",0,IF(IFERROR(VLOOKUP($C76,Setup!$A$2:$B$60,2,FALSE),"N")="Y",$F76,0)) | I76: =IF($C76="",0,IF(IFERROR(VLOOKUP($C76,Setup!$A$2:$B$60,2,FALSE),"N")="Y",N($D76),0)) | J76: =IF($H76>0,$I76/$H76,"")
A77: 46299 | B77: 03:00–03:30 | F77: =IF($C77="","",IF($E77="",30,$E77)/60) | G77: =IF($C77="","",(30-IF($E77="",30,$E77))/60) | H77: =IF($C77="",0,IF(IFERROR(VLOOKUP($C77,Setup!$A$2:$B$60,2,FALSE),"N")="Y",$F77,0)) | I77: =IF($C77="",0,IF(IFERROR(VLOOKUP($C77,Setup!$A$2:$B$60,2,FALSE),"N")="Y",N($D77),0)) | J77: =IF($H77>0,$I77/$H77,"")
A78: 46299 | B78: 03:30–04:00 | F78: =IF($C78="","",IF($E78="",30,$E78)/60) | G78: =IF($C78="","",(30-IF($E78="",30,$E78))/60) | H78: =IF($C78="",0,IF(IFERROR(VLOOKUP($C78,Setup!$A$2:$B$60,2,FALSE),"N")="Y",$F78,0)) | I78: =IF($C78="",0,IF(IFERROR(VLOOKUP($C78,Setup!$A$2:$B$60,2,FALSE),"N")="Y",N($D78),0)) | J78: =IF($H78>0,$I78/$H78,"")
A79: 46299 | B79: 04:00–04:30 | F79: =IF($C79="","",IF($E79="",30,$E79)/60) | G79: =IF($C79="","",(30-IF($E79="",30,$E79))/60) | H79: =IF($C79="",0,IF(IFERROR(VLOOKUP($C79,Setup!$A$2:$B$60,2,FALSE),"N")="Y",$F79,0)) | I79: =IF($C79="",0,IF(IFERROR(VLOOKUP($C79,Setup!$A$2:$B$60,2,FALSE),"N")="Y",N($D79),0)) | J79: =IF($H79>0,$I79/$H79,"")
A80: 46299 | B80: 04:30–05:00 | F80: =IF($C80="","",IF($E80="",30,$E80)/60) | G80: =IF($C80="","",(30-IF($E80="",30,$E80))/60) | H80: =IF($C80="",0,IF(IFERROR(VLOOKUP($C80,Setup!$A$2:$B$60,2,FALSE),"N")="Y",$F80,0)) | I80: =IF($C80="",0,IF(IFERROR(VLOOKUP($C80,Setup!$A$2:$B$60,2,FALSE),"N")="Y",N($D80),0)) | J80: =IF($H80>0,$I80/$H80,"")
A81: 46299 | B81: 05:00–05:30 | F81: =IF($C81="","",IF($E81="",30,$E81)/60) | G81: =IF($C81="","",(30-IF($E81="",30,$E81))/60) | H81: =IF($C81="",0,IF(IFERROR(VLOOKUP($C81,Setup!$A$2:$B$60,2,FALSE),"N")="Y",$F81,0)) | I81: =IF($C81="",0,IF(IFERROR(VLOOKUP($C81,Setup!$A$2:$B$60,2,FALSE),"N")="Y",N($D81),0)) | J81: =IF($H81>0,$I81/$H81,"")
... A86: 46299 | B86: 07:30–08:00 | F86: =IF($C86="","",IF($E86="",30,$E86)/60) | G86: =IF($C86="","",(30-IF($E86="",30,$E86))/60) | H86: =IF($C86="",0,IF(IFERROR(VLOOKUP($C86,Setup!$A$2:$B$60,2,FALSE),"N")="Y",$F86,0)) | I86: =IF($C86="",0,IF(IFERROR(VLOOKUP($C86,Setup!$A$2:$B$60,2,FALSE),"N")="Y",N($D86),0)) | J86: =IF($H86>0,$I86/$H86,"")
B87: TOTAL | D87: =SUM(I69:I86) | F87: =SUM(F69:F86) | G87: =SUM(G69:G86) | H87: =SUM(H69:H86) | J87: =IF(H87>0,D87/H87,"")
B89: 46300 | E89: shift 23:00 → 08:00 · 9.00 h · 18 intervals
B90: SLOT | C90: TAG | D90: TICKETS | E90: MINS | F90: HOURS | G90: DEDUCTED | H90: PROD HRS | I90: TICKETS | J90: T / HR
A91: 46300 | B91: 23:00–23:30 | F91: =IF($C91="","",IF($E91="",30,$E91)/60) | G91: =IF($C91="","",(30-IF($E91="",30,$E91))/60) | H91: =IF($C91="",0,IF(IFERROR(VLOOKUP($C91,Setup!$A$2:$B$60,2,FALSE),"N")="Y",$F91,0)) | I91: =IF($C91="",0,IF(IFERROR(VLOOKUP($C91,Setup!$A$2:$B$60,2,FALSE),"N")="Y",N($D91),0)) | J91: =IF($H91>0,$I91/$H91,"") | K91: =IF($F109>0,9,0)
A92: 46300 | B92: 23:30–00:00 | F92: =IF($C92="","",IF($E92="",30,$E92)/60) | G92: =IF($C92="","",(30-IF($E92="",30,$E92))/60) | H92: =IF($C92="",0,IF(IFERROR(VLOOKUP($C92,Setup!$A$2:$B$60,2,FALSE),"N")="Y",$F92,0)) | I92: =IF($C92="",0,IF(IFERROR(VLOOKUP($C92,Setup!$A$2:$B$60,2,FALSE),"N")="Y",N($D92),0)) | J92: =IF($H92>0,$I92/$H92,"")
A93: 46300 | B93: 00:00–00:30 | F93: =IF($C93="","",IF($E93="",30,$E93)/60) | G93: =IF($C93="","",(30-IF($E93="",30,$E93))/60) | H93: =IF($C93="",0,IF(IFERROR(VLOOKUP($C93,Setup!$A$2:$B$60,2,FALSE),"N")="Y",$F93,0)) | I93: =IF($C93="",0,IF(IFERROR(VLOOKUP($C93,Setup!$A$2:$B$60,2,FALSE),"N")="Y",N($D93),0)) | J93: =IF($H93>0,$I93/$H93,"")
A94: 46300 | B94: 00:30–01:00 | F94: =IF($C94="","",IF($E94="",30,$E94)/60) | G94: =IF($C94="","",(30-IF($E94="",30,$E94))/60) | H94: =IF($C94="",0,IF(IFERROR(VLOOKUP($C94,Setup!$A$2:$B$60,2,FALSE),"N")="Y",$F94,0)) | I94: =IF($C94="",0,IF(IFERROR(VLOOKUP($C94,Setup!$A$2:$B$60,2,FALSE),"N")="Y",N($D94),0)) | J94: =IF($H94>0,$I94/$H94,"")
A95: 46300 | B95: 01:00–01:30 | F95: =IF($C95="","",IF($E95="",30,$E95)/60) | G95: =IF($C95="","",(30-IF($E95="",30,$E95))/60) | H95: =IF($C95="",0,IF(IFERROR(VLOOKUP($C95,Setup!$A$2:$B$60,2,FALSE),"N")="Y",$F95,0)) | I95: =IF($C95="",0,IF(IFERROR(VLOOKUP($C95,Setup!$A$2:$B$60,2,FALSE),"N")="Y",N($D95),0)) | J95: =IF($H95>0,$I95/$H95,"")
A96: 46300 | B96: 01:30–02:00 | F96: =IF($C96="","",IF($E96="",30,$E96)/60) | G96: =IF($C96="","",(30-IF($E96="",30,$E96))/60) | H96: =IF($C96="",0,IF(IFERROR(VLOOKUP($C96,Setup!$A$2:$B$60,2,FALSE),"N")="Y",$F96,0)) | I96: =IF($C96="",0,IF(IFERROR(VLOOKUP($C96,Setup!$A$2:$B$60,2,FALSE),"N")="Y",N($D96),0)) | J96: =IF($H96>0,$I96/$H96,"")
A97: 46300 | B97: 02:00–02:30 | F97: =IF($C97="","",IF($E97="",30,$E97)/60) | G97: =IF($C97="","",(30-IF($E97="",30,$E97))/60) | H97: =IF($C97="",0,IF(IFERROR(VLOOKUP($C97,Setup!$A$2:$B$60,2,FALSE),"N")="Y",$F97,0)) | I97: =IF($C97="",0,IF(IFERROR(VLOOKUP($C97,Setup!$A$2:$B$60,2,FALSE),"N")="Y",N($D97),0)) | J97: =IF($H97>0,$I97/$H97,"")
A98: 46300 | B98: 02:30–03:00 | F98: =IF($C98="","",IF($E98="",30,$E98)/60) | G98: =IF($C98="","",(30-IF($E98="",30,$E98))/60) | H98: =IF($C98="",0,IF(IFERROR(VLOOKUP($C98,Setup!$A$2:$B$60,2,FALSE),"N")="Y",$F98,0)) | I98: =IF($C98="",0,IF(IFERROR(VLOOKUP($C98,Setup!$A$2:$B$60,2,FALSE),"N")="Y",N($D98),0)) | J98: =IF($H98>0,$I98/$H98,"")
A99: 46300 | B99: 03:00–03:30 | F99: =IF($C99="","",IF($E99="",30,$E99)/60) | G99: =IF($C99="","",(30-IF($E99="",30,$E99))/60) | H99: =IF($C99="",0,IF(IFERROR(VLOOKUP($C99,Setup!$A$2:$B$60,2,FALSE),"N")="Y",$F99,0)) | I99: =IF($C99="",0,IF(IFERROR(VLOOKUP($C99,Setup!$A$2:$B$60,2,FALSE),"N")="Y",N($D99),0)) | J99: =IF($H99>0,$I99/$H99,"")
A100: 46300 | B100: 03:30–04:00 | F100: =IF($C100="","",IF($E100="",30,$E100)/60) | G100: =IF($C100="","",(30-IF($E100="",30,$E100))/60) | H100: =IF($C100="",0,IF(IFERROR(VLOOKUP($C100,Setup!$A$2:$B$60,2,FALSE),"N")="Y",$F100,0)) | I100: =IF($C100="",0,IF(IFERROR(VLOOKUP($C100,Setup!$A$2:$B$60,2,FALSE),"N")="Y",N($D100),0)) | J100: =IF($H100>0,$I100/$H100,"")
A101: 46300 | B101: 04:00–04:30 | F101: =IF($C101="","",IF($E101="",30,$E101)/60) | G101: =IF($C101="","",(30-IF($E101="",30,$E101))/60) | H101: =IF($C101="",0,IF(IFERROR(VLOOKUP($C101,Setup!$A$2:$B$60,2,FALSE),"N")="Y",$F101,0)) | I101: =IF($C101="",0,IF(IFERROR(VLOOKUP($C101,Setup!$A$2:$B$60,2,FALSE),"N")="Y",N($D101),0)) | J101: =IF($H101>0,$I101/$H101,"")
A102: 46300 | B102: 04:30–05:00 | F102: =IF($C102="","",IF($E102="",30,$E102)/60) | G102: =IF($C102="","",(30-IF($E102="",30,$E102))/60) | H102: =IF($C102="",0,IF(IFERROR(VLOOKUP($C102,Setup!$A$2:$B$60,2,FALSE),"N")="Y",$F102,0)) | I102: =IF($C102="",0,IF(IFERROR(VLOOKUP($C102,Setup!$A$2:$B$60,2,FALSE),"N")="Y",N($D102),0)) | J102: =IF($H102>0,$I102/$H102,"")
A103: 46300 | B103: 05:00–05:30 | F103: =IF($C103="","",IF($E103="",30,$E103)/60) | G103: =IF($C103="","",(30-IF($E103="",30,$E103))/60) | H103: =IF($C103="",0,IF(IFERROR(VLOOKUP($C103,Setup!$A$2:$B$60,2,FALSE),"N")="Y",$F103,0)) | I103: =IF($C103="",0,IF(IFERROR(VLOOKUP($C103,Setup!$A$2:$B$60,2,FALSE),"N")="Y",N($D103),0)) | J103: =IF($H103>0,$I103/$H103,"")
... A108: 46300 | B108: 07:30–08:00 | F108: =IF($C108="","",IF($E108="",30,$E108)/60) | G108: =IF($C108="","",(30-IF($E108="",30,$E108))/60) | H108: =IF($C108="",0,IF(IFERROR(VLOOKUP($C108,Setup!$A$2:$B$60,2,FALSE),"N")="Y",$F108,0)) | I108: =IF($C108="",0,IF(IFERROR(VLOOKUP($C108,Setup!$A$2:$B$60,2,FALSE),"N")="Y",N($D108),0)) | J108: =IF($H108>0,$I108/$H108,"")
B109: TOTAL | D109: =SUM(I91:I108) | F109: =SUM(F91:F108) | G109: =SUM(G91:G108) | H109: =SUM(H91:H108) | J109: =IF(H109>0,D109/H109,"")
B111: 46301 | E111: shift 23:00 → 08:00 · 9.00 h · 18 intervals
B112: SLOT | C112: TAG | D112: TICKETS | E112: MINS | F112: HOURS | G112: DEDUCTED | H112: PROD HRS | I112: TICKETS | J112: T / HR
A113: 46301 | B113: 23:00–23:30 | F113: =IF($C113="","",IF($E113="",30,$E113)/60) | G113: =IF($C113="","",(30-IF($E113="",30,$E113))/60) | H113: =IF($C113="",0,IF(IFERROR(VLOOKUP($C113,Setup!$A$2:$B$60,2,FALSE),"N")="Y",$F113,0)) | I113: =IF($C113="",0,IF(IFERROR(VLOOKUP($C113,Setup!$A$2:$B$60,2,FALSE),"N")="Y",N($D113),0)) | J113: =IF($H113>0,$I113/$H113,"") | K113: =IF($F131>0,9,0)
A114: 46301 | B114: 23:30–00:00 | F114: =IF($C114="","",IF($E114="",30,$E114)/60) | G114: =IF($C114="","",(30-IF($E114="",30,$E114))/60) | H114: =IF($C114="",0,IF(IFERROR(VLOOKUP($C114,Setup!$A$2:$B$60,2,FALSE),"N")="Y",$F114,0)) | I114: =IF($C114="",0,IF(IFERROR(VLOOKUP($C114,Setup!$A$2:$B$60,2,FALSE),"N")="Y",N($D114),0)) | J114: =IF($H114>0,$I114/$H114,"")
A115: 46301 | B115: 00:00–00:30 | F115: =IF($C115="","",IF($E115="",30,$E115)/60) | G115: =IF($C115="","",(30-IF($E115="",30,$E115))/60) | H115: =IF($C115="",0,IF(IFERROR(VLOOKUP($C115,Setup!$A$2:$B$60,2,FALSE),"N")="Y",$F115,0)) | I115: =IF($C115="",0,IF(IFERROR(VLOOKUP($C115,Setup!$A$2:$B$60,2,FALSE),"N")="Y",N($D115),0)) | J115: =IF($H115>0,$I115/$H115,"")
A116: 46301 | B116: 00:30–01:00 | F116: =IF($C116="","",IF($E116="",30,$E116)/60) | G116: =IF($C116="","",(30-IF($E116="",30,$E116))/60) | H116: =IF($C116="",0,IF(IFERROR(VLOOKUP($C116,Setup!$A$2:$B$60,2,FALSE),"N")="Y",$F116,0)) | I116: =IF($C116="",0,IF(IFERROR(VLOOKUP($C116,Setup!$A$2:$B$60,2,FALSE),"N")="Y",N($D116),0)) | J116: =IF($H116>0,$I116/$H116,"")
A117: 46301 | B117: 01:00–01:30 | F117: =IF($C117="","",IF($E117="",30,$E117)/60) | G117: =IF($C117="","",(30-IF($E117="",30,$E117))/60) | H117: =IF($C117="",0,IF(IFERROR(VLOOKUP($C117,Setup!$A$2:$B$60,2,FALSE),"N")="Y",$F117,0)) | I117: =IF($C117="",0,IF(IFERROR(VLOOKUP($C117,Setup!$A$2:$B$60,2,FALSE),"N")="Y",N($D117),0)) | J117: =IF($H117>0,$I117/$H117,"")
A118: 46301 | B118: 01:30–02:00 | F118: =IF($C118="","",IF($E118="",30,$E118)/60) | G118: =IF($C118="","",(30-IF($E118="",30,$E118))/60) | H118: =IF($C118="",0,IF(IFERROR(VLOOKUP($C118,Setup!$A$2:$B$60,2,FALSE),"N")="Y",$F118,0)) | I118: =IF($C118="",0,IF(IFERROR(VLOOKUP($C118,Setup!$A$2:$B$60,2,FALSE),"N")="Y",N($D118),0)) | J118: =IF($H118>0,$I118/$H118,"")
A119: 46301 | B119: 02:00–02:30 | F119: =IF($C119="","",IF($E119="",30,$E119)/60) | G119: =IF($C119="","",(30-IF($E119="",30,$E119))/60) | H119: =IF($C119="",0,IF(IFERROR(VLOOKUP($C119,Setup!$A$2:$B$60,2,FALSE),"N")="Y",$F119,0)) | I119: =IF($C119="",0,IF(IFERROR(VLOOKUP($C119,Setup!$A$2:$B$60,2,FALSE),"N")="Y",N($D119),0)) | J119: =IF($H119>0,$I119/$H119,"")
A120: 46301 | B120: 02:30–03:00 | F120: =IF($C120="","",IF($E120="",30,$E120)/60) | G120: =IF($C120="","",(30-IF($E120="",30,$E120))/60) | H120: =IF($C120="",0,IF(IFERROR(VLOOKUP($C120,Setup!$A$2:$B$60,2,FALSE),"N")="Y",$F120,0)) | I120: =IF($C120="",0,IF(IFERROR(VLOOKUP($C120,Setup!$A$2:$B$60,2,FALSE),"N")="Y",N($D120),0)) | J120: =IF($H120>0,$I120/$H120,"")
A121: 46301 | B121: 03:00–03:30 | F121: =IF($C121="","",IF($E121="",30,$E121)/60) | G121: =IF($C121="","",(30-IF($E121="",30,$E121))/60) | H121: =IF($C121="",0,IF(IFERROR(VLOOKUP($C121,Setup!$A$2:$B$60,2,FALSE),"N")="Y",$F121,0)) | I121: =IF($C121="",0,IF(IFERROR(VLOOKUP($C121,Setup!$A$2:$B$60,2,FALSE),"N")="Y",N($D121),0)) | J121: =IF($H121>0,$I121/$H121,"")
A122: 46301 | B122: 03:30–04:00 | F122: =IF($C122="","",IF($E122="",30,$E122)/60) | G122: =IF($C122="","",(30-IF($E122="",30,$E122))/60) | H122: =IF($C122="",0,IF(IFERROR(VLOOKUP($C122,Setup!$A$2:$B$60,2,FALSE),"N")="Y",$F122,0)) | I122: =IF($C122="",0,IF(IFERROR(VLOOKUP($C122,Setup!$A$2:$B$60,2,FALSE),"N")="Y",N($D122),0)) | J122: =IF($H122>0,$I122/$H122,"")
A123: 46301 | B123: 04:00–04:30 | F123: =IF($C123="","",IF($E123="",30,$E123)/60) | G123: =IF($C123="","",(30-IF($E123="",30,$E123))/60) | H123: =IF($C123="",0,IF(IFERROR(VLOOKUP($C123,Setup!$A$2:$B$60,2,FALSE),"N")="Y",$F123,0)) | I123: =IF($C123="",0,IF(IFERROR(VLOOKUP($C123,Setup!$A$2:$B$60,2,FALSE),"N")="Y",N($D123),0)) | J123: =IF($H123>0,$I123/$H123,"")
A124: 46301 | B124: 04:30–05:00 | F124: =IF($C124="","",IF($E124="",30,$E124)/60) | G124: =IF($C124="","",(30-IF($E124="",30,$E124))/60) | H124: =IF($C124="",0,IF(IFERROR(VLOOKUP($C124,Setup!$A$2:$B$60,2,FALSE),"N")="Y",$F124,0)) | I124: =IF($C124="",0,IF(IFERROR(VLOOKUP($C124,Setup!$A$2:$B$60,2,FALSE),"N")="Y",N($D124),0)) | J124: =IF($H124>0,$I124/$H124,"")
A125: 46301 | B125: 05:00–05:30 | F125: =IF($C125="","",IF($E125="",30,$E125)/60) | G125: =IF($C125="","",(30-IF($E125="",30,$E125))/60) | H125: =IF($C125="",0,IF(IFERROR(VLOOKUP($C125,Setup!$A$2:$B$60,2,FALSE),"N")="Y",$F125,0)) | I125: =IF($C125="",0,IF(IFERROR(VLOOKUP($C125,Setup!$A$2:$B$60,2,FALSE),"N")="Y",N($D125),0)) | J125: =IF($H125>0,$I125/$H125,"")
...

Sheet Setup
A1: TAG | B1: PRODUCTIVE (Y/N) | C1: QUOTA / HR | E1: HOW THIS WORKBOOK WORKS
A2: SV | B2: Y | C2: 200 | E2: Accent headers are inputs you type into. Dim headers are formulas — leave them alone.
A3: CM | B3: Y | C3: 3000 | E3: Setup: mark a tag Y to make it a task. It counts toward tickets/hr and can carry a quota per hour.
A4: New tag 1 | B4: N | E4: Daily: one interval table per day. Pick a tag from the dropdown on each row, then type tickets and MINUTES WORKED.
A5: New tag 2 | B5: N | E5: Leave minutes blank for the full interval. HOURS, DEDUCTED, PROD HRS, TICKETS and T/HR are formulas.
A6: New tag 3 | B6: N | E6: Each day closes with its own TOTAL row. Summary reads whatever falls between its FROM / TO from Daily.
E7: New tags go in the blank rows under the tag list on this sheet. To log more days, re-export with a wider range.
