Workbook

Sheet Summary
A1: from | B1: 46296
A2: to | B2: 46326
A4: tickets | B4: =SUMIFS(Slots!$N:$N,Slots!$A:$A,">="&$B$1,Slots!$A:$A,"<="&$B$2)
A5: productive hrs | B5: =SUMIFS(Slots!$M:$M,Slots!$A:$A,">="&$B$1,Slots!$A:$A,"<="&$B$2)
A6: tickets / hr | B6: =IF(B5>0,B4/B5,0)
A7: logged hrs | B7: =SUMIFS(Slots!$K:$K,Slots!$A:$A,">="&$B$1,Slots!$A:$A,"<="&$B$2)
A8: deducted hrs | B8: =SUMIFS(Slots!$L:$L,Slots!$A:$A,">="&$B$1,Slots!$A:$A,"<="&$B$2)
A9: shift hrs | B9: =SUMIFS(Daily!$D:$D,Daily!$A:$A,">="&$B$1,Daily!$A:$A,"<="&$B$2)
A10: tickets / hr = tickets ÷ productive hours, after deductions. Ranges sum the daily totals, so it is weighted by hours.
A12: tasks vs quota
A13: task | B13: tickets | C13: hours | D13: t/hr | E13: quota/h | F13: expected | G13: attainment
A14: =IF(Setup!$D$2="","",Setup!$D$2) | B14: =IF($A14="","",SUMIFS(Slots!$N:$N,Slots!$A:$A,">="&$B$1,Slots!$A:$A,"<="&$B$2,Slots!$E:$E,$A14)) | C14: =IF($A14="","",SUMIFS(Slots!$M:$M,Slots!$A:$A,">="&$B$1,Slots!$A:$A,"<="&$B$2,Slots!$E:$E,$A14)) | D14: =IF($A14="","",IF(C14>0,B14/C14,0)) | E14: =IF($A14="","",IF(N(Setup!$E$2)>0,Setup!$E$2,"")) | F14: =IF($A14="","",IF(AND(N(E14)>0,C14>0),E14*C14,"")) | G14: =IF($A14="","",IF(F14="","",B14/F14))
A15: =IF(Setup!$D$3="","",Setup!$D$3) | B15: =IF($A15="","",SUMIFS(Slots!$N:$N,Slots!$A:$A,">="&$B$1,Slots!$A:$A,"<="&$B$2,Slots!$E:$E,$A15)) | C15: =IF($A15="","",SUMIFS(Slots!$M:$M,Slots!$A:$A,">="&$B$1,Slots!$A:$A,"<="&$B$2,Slots!$E:$E,$A15)) | D15: =IF($A15="","",IF(C15>0,B15/C15,0)) | E15: =IF($A15="","",IF(N(Setup!$E$3)>0,Setup!$E$3,"")) | F15: =IF($A15="","",IF(AND(N(E15)>0,C15>0),E15*C15,"")) | G15: =IF($A15="","",IF(F15="","",B15/F15))
A16: =IF(Setup!$D$4="","",Setup!$D$4) | B16: =IF($A16="","",SUMIFS(Slots!$N:$N,Slots!$A:$A,">="&$B$1,Slots!$A:$A,"<="&$B$2,Slots!$E:$E,$A16)) | C16: =IF($A16="","",SUMIFS(Slots!$M:$M,Slots!$A:$A,">="&$B$1,Slots!$A:$A,"<="&$B$2,Slots!$E:$E,$A16)) | D16: =IF($A16="","",IF(C16>0,B16/C16,0)) | E16: =IF($A16="","",IF(N(Setup!$E$4)>0,Setup!$E$4,"")) | F16: =IF($A16="","",IF(AND(N(E16)>0,C16>0),E16*C16,"")) | G16: =IF($A16="","",IF(F16="","",B16/F16))
A17: =IF(Setup!$D$5="","",Setup!$D$5) | B17: =IF($A17="","",SUMIFS(Slots!$N:$N,Slots!$A:$A,">="&$B$1,Slots!$A:$A,"<="&$B$2,Slots!$E:$E,$A17)) | C17: =IF($A17="","",SUMIFS(Slots!$M:$M,Slots!$A:$A,">="&$B$1,Slots!$A:$A,"<="&$B$2,Slots!$E:$E,$A17)) | D17: =IF($A17="","",IF(C17>0,B17/C17,0)) | E17: =IF($A17="","",IF(N(Setup!$E$5)>0,Setup!$E$5,"")) | F17: =IF($A17="","",IF(AND(N(E17)>0,C17>0),E17*C17,"")) | G17: =IF($A17="","",IF(F17="","",B17/F17))
A18: =IF(Setup!$D$6="","",Setup!$D$6) | B18: =IF($A18="","",SUMIFS(Slots!$N:$N,Slots!$A:$A,">="&$B$1,Slots!$A:$A,"<="&$B$2,Slots!$E:$E,$A18)) | C18: =IF($A18="","",SUMIFS(Slots!$M:$M,Slots!$A:$A,">="&$B$1,Slots!$A:$A,"<="&$B$2,Slots!$E:$E,$A18)) | D18: =IF($A18="","",IF(C18>0,B18/C18,0)) | E18: =IF($A18="","",IF(N(Setup!$E$6)>0,Setup!$E$6,"")) | F18: =IF($A18="","",IF(AND(N(E18)>0,C18>0),E18*C18,"")) | G18: =IF($A18="","",IF(F18="","",B18/F18))
A19: =IF(Setup!$D$7="","",Setup!$D$7) | B19: =IF($A19="","",SUMIFS(Slots!$N:$N,Slots!$A:$A,">="&$B$1,Slots!$A:$A,"<="&$B$2,Slots!$E:$E,$A19)) | C19: =IF($A19="","",SUMIFS(Slots!$M:$M,Slots!$A:$A,">="&$B$1,Slots!$A:$A,"<="&$B$2,Slots!$E:$E,$A19)) | D19: =IF($A19="","",IF(C19>0,B19/C19,0)) | E19: =IF($A19="","",IF(N(Setup!$E$7)>0,Setup!$E$7,"")) | F19: =IF($A19="","",IF(AND(N(E19)>0,C19>0),E19*C19,"")) | G19: =IF($A19="","",IF(F19="","",B19/F19))
A20: =IF(Setup!$D$8="","",Setup!$D$8) | B20: =IF($A20="","",SUMIFS(Slots!$N:$N,Slots!$A:$A,">="&$B$1,Slots!$A:$A,"<="&$B$2,Slots!$E:$E,$A20)) | C20: =IF($A20="","",SUMIFS(Slots!$M:$M,Slots!$A:$A,">="&$B$1,Slots!$A:$A,"<="&$B$2,Slots!$E:$E,$A20)) | D20: =IF($A20="","",IF(C20>0,B20/C20,0)) | E20: =IF($A20="","",IF(N(Setup!$E$8)>0,Setup!$E$8,"")) | F20: =IF($A20="","",IF(AND(N(E20)>0,C20>0),E20*C20,"")) | G20: =IF($A20="","",IF(F20="","",B20/F20))
A21: (no task / unlisted) | B21: =ROUND(B4-SUM(B14:B20),4) | C21: =ROUND(B5-SUM(C14:C20),4) | D21: =IF(C21>0,B21/C21,0)
A23: time by tag
A24: tag | B24: hours | C24: % of logged
A25: =IF(Setup!$A$2="","",Setup!$A$2) | B25: =IF($A25="","",SUMIFS(Slots!$K:$K,Slots!$A:$A,">="&$B$1,Slots!$A:$A,"<="&$B$2,Slots!$D:$D,$A25)) | C25: =IF($A25="","",IF($B$7>0,B25/$B$7,0))
A26: =IF(Setup!$A$3="","",Setup!$A$3) | B26: =IF($A26="","",SUMIFS(Slots!$K:$K,Slots!$A:$A,">="&$B$1,Slots!$A:$A,"<="&$B$2,Slots!$D:$D,$A26)) | C26: =IF($A26="","",IF($B$7>0,B26/$B$7,0))
A27: =IF(Setup!$A$4="","",Setup!$A$4) | B27: =IF($A27="","",SUMIFS(Slots!$K:$K,Slots!$A:$A,">="&$B$1,Slots!$A:$A,"<="&$B$2,Slots!$D:$D,$A27)) | C27: =IF($A27="","",IF($B$7>0,B27/$B$7,0))
A28: =IF(Setup!$A$5="","",Setup!$A$5) | B28: =IF($A28="","",SUMIFS(Slots!$K:$K,Slots!$A:$A,">="&$B$1,Slots!$A:$A,"<="&$B$2,Slots!$D:$D,$A28)) | C28: =IF($A28="","",IF($B$7>0,B28/$B$7,0))
A29: =IF(Setup!$A$6="","",Setup!$A$6) | B29: =IF($A29="","",SUMIFS(Slots!$K:$K,Slots!$A:$A,">="&$B$1,Slots!$A:$A,"<="&$B$2,Slots!$D:$D,$A29)) | C29: =IF($A29="","",IF($B$7>0,B29/$B$7,0))
A30: =IF(Setup!$A$7="","",Setup!$A$7) | B30: =IF($A30="","",SUMIFS(Slots!$K:$K,Slots!$A:$A,">="&$B$1,Slots!$A:$A,"<="&$B$2,Slots!$D:$D,$A30)) | C30: =IF($A30="","",IF($B$7>0,B30/$B$7,0))
A31: =IF(Setup!$A$8="","",Setup!$A$8) | B31: =IF($A31="","",SUMIFS(Slots!$K:$K,Slots!$A:$A,">="&$B$1,Slots!$A:$A,"<="&$B$2,Slots!$D:$D,$A31)) | C31: =IF($A31="","",IF($B$7>0,B31/$B$7,0))
A32: =IF(Setup!$A$9="","",Setup!$A$9) | B32: =IF($A32="","",SUMIFS(Slots!$K:$K,Slots!$A:$A,">="&$B$1,Slots!$A:$A,"<="&$B$2,Slots!$D:$D,$A32)) | C32: =IF($A32="","",IF($B$7>0,B32/$B$7,0))
A33: =IF(Setup!$A$10="","",Setup!$A$10) | B33: =IF($A33="","",SUMIFS(Slots!$K:$K,Slots!$A:$A,">="&$B$1,Slots!$A:$A,"<="&$B$2,Slots!$D:$D,$A33)) | C33: =IF($A33="","",IF($B$7>0,B33/$B$7,0))
A34: =IF(Setup!$A$11="","",Setup!$A$11) | B34: =IF($A34="","",SUMIFS(Slots!$K:$K,Slots!$A:$A,">="&$B$1,Slots!$A:$A,"<="&$B$2,Slots!$D:$D,$A34)) | C34: =IF($A34="","",IF($B$7>0,B34/$B$7,0))

Sheet Daily
A1: date | B1: shift_start | C1: shift_end | D1: scheduled_hours | E1: logged_hours | F1: productive_hours | G1: deducted_hours | H1: tickets | I1: tickets_per_hour | J1: =Setup!$D$2&" tickets" -> SV tickets | K1: =Setup!$D$3&" tickets" -> CM tickets | L1: =Setup!$D$2&" quota %" -> SV quota % | M1: =Setup!$D$3&" quota %" -> CM quota % | N1: =Setup!$A$2&" hours" -> SV hours | O1: =Setup!$A$3&" hours" -> CM hours | P1: =Setup!$A$4&" hours" -> New tag 1 hours | Q1: =Setup!$A$5&" hours" -> New tag 2 hours | R1: =Setup!$A$6&" hours" -> New tag 3 hours
A2: 46296 | B2: 0.95833333 | C2: 0.33333333 | D2: =IF(E2>0,IF(C2=B2,24,ROUND(MOD(C2-B2,1)*24,4)),0) | E2: =SUMIFS(Slots!$K:$K,Slots!$A:$A,$A2) | F2: =SUMIFS(Slots!$M:$M,Slots!$A:$A,$A2) | G2: =SUMIFS(Slots!$L:$L,Slots!$A:$A,$A2) | H2: =SUMIFS(Slots!$N:$N,Slots!$A:$A,$A2) | I2: =IF(F2>0,H2/F2,0) | J2: =SUMIFS(Slots!$N:$N,Slots!$A:$A,$A2,Slots!$E:$E,Setup!$D$2) | K2: =SUMIFS(Slots!$N:$N,Slots!$A:$A,$A2,Slots!$E:$E,Setup!$D$3) | L2: =IF(AND(N(Setup!$E$2)>0,SUMIFS(Slots!$M:$M,Slots!$A:$A,$A2,Slots!$E:$E,Setup!$D$2)>0),J2/(Setup!$E$2*SUMIFS(Slots!$M:$M,Slots!$A:$A,$A2,Slots!$E:$E,Setup!$D$2)),"") | M2: =IF(AND(N(Setup!$E$3)>0,SUMIFS(Slots!$M:$M,Slots!$A:$A,$A2,Slots!$E:$E,Setup!$D$3)>0),K2/(Setup!$E$3*SUMIFS(Slots!$M:$M,Slots!$A:$A,$A2,Slots!$E:$E,Setup!$D$3)),"") | N2: =SUMIFS(Slots!$K:$K,Slots!$A:$A,$A2,Slots!$D:$D,Setup!$A$2) | O2: =SUMIFS(Slots!$K:$K,Slots!$A:$A,$A2,Slots!$D:$D,Setup!$A$3) | P2: =SUMIFS(Slots!$K:$K,Slots!$A:$A,$A2,Slots!$D:$D,Setup!$A$4) | Q2: =SUMIFS(Slots!$K:$K,Slots!$A:$A,$A2,Slots!$D:$D,Setup!$A$5) | R2: =SUMIFS(Slots!$K:$K,Slots!$A:$A,$A2,Slots!$D:$D,Setup!$A$6)
A3: 46297 | B3: 0.95833333 | C3: 0.33333333 | D3: =IF(E3>0,IF(C3=B3,24,ROUND(MOD(C3-B3,1)*24,4)),0) | E3: =SUMIFS(Slots!$K:$K,Slots!$A:$A,$A3) | F3: =SUMIFS(Slots!$M:$M,Slots!$A:$A,$A3) | G3: =SUMIFS(Slots!$L:$L,Slots!$A:$A,$A3) | H3: =SUMIFS(Slots!$N:$N,Slots!$A:$A,$A3) | I3: =IF(F3>0,H3/F3,0) | J3: =SUMIFS(Slots!$N:$N,Slots!$A:$A,$A3,Slots!$E:$E,Setup!$D$2) | K3: =SUMIFS(Slots!$N:$N,Slots!$A:$A,$A3,Slots!$E:$E,Setup!$D$3) | L3: =IF(AND(N(Setup!$E$2)>0,SUMIFS(Slots!$M:$M,Slots!$A:$A,$A3,Slots!$E:$E,Setup!$D$2)>0),J3/(Setup!$E$2*SUMIFS(Slots!$M:$M,Slots!$A:$A,$A3,Slots!$E:$E,Setup!$D$2)),"") | M3: =IF(AND(N(Setup!$E$3)>0,SUMIFS(Slots!$M:$M,Slots!$A:$A,$A3,Slots!$E:$E,Setup!$D$3)>0),K3/(Setup!$E$3*SUMIFS(Slots!$M:$M,Slots!$A:$A,$A3,Slots!$E:$E,Setup!$D$3)),"") | N3: =SUMIFS(Slots!$K:$K,Slots!$A:$A,$A3,Slots!$D:$D,Setup!$A$2) | O3: =SUMIFS(Slots!$K:$K,Slots!$A:$A,$A3,Slots!$D:$D,Setup!$A$3) | P3: =SUMIFS(Slots!$K:$K,Slots!$A:$A,$A3,Slots!$D:$D,Setup!$A$4) | Q3: =SUMIFS(Slots!$K:$K,Slots!$A:$A,$A3,Slots!$D:$D,Setup!$A$5) | R3: =SUMIFS(Slots!$K:$K,Slots!$A:$A,$A3,Slots!$D:$D,Setup!$A$6)
A4: 46298 | B4: 0.95833333 | C4: 0.33333333 | D4: =IF(E4>0,IF(C4=B4,24,ROUND(MOD(C4-B4,1)*24,4)),0) | E4: =SUMIFS(Slots!$K:$K,Slots!$A:$A,$A4) | F4: =SUMIFS(Slots!$M:$M,Slots!$A:$A,$A4) | G4: =SUMIFS(Slots!$L:$L,Slots!$A:$A,$A4) | H4: =SUMIFS(Slots!$N:$N,Slots!$A:$A,$A4) | I4: =IF(F4>0,H4/F4,0) | J4: =SUMIFS(Slots!$N:$N,Slots!$A:$A,$A4,Slots!$E:$E,Setup!$D$2) | K4: =SUMIFS(Slots!$N:$N,Slots!$A:$A,$A4,Slots!$E:$E,Setup!$D$3) | L4: =IF(AND(N(Setup!$E$2)>0,SUMIFS(Slots!$M:$M,Slots!$A:$A,$A4,Slots!$E:$E,Setup!$D$2)>0),J4/(Setup!$E$2*SUMIFS(Slots!$M:$M,Slots!$A:$A,$A4,Slots!$E:$E,Setup!$D$2)),"") | M4: =IF(AND(N(Setup!$E$3)>0,SUMIFS(Slots!$M:$M,Slots!$A:$A,$A4,Slots!$E:$E,Setup!$D$3)>0),K4/(Setup!$E$3*SUMIFS(Slots!$M:$M,Slots!$A:$A,$A4,Slots!$E:$E,Setup!$D$3)),"") | N4: =SUMIFS(Slots!$K:$K,Slots!$A:$A,$A4,Slots!$D:$D,Setup!$A$2) | O4: =SUMIFS(Slots!$K:$K,Slots!$A:$A,$A4,Slots!$D:$D,Setup!$A$3) | P4: =SUMIFS(Slots!$K:$K,Slots!$A:$A,$A4,Slots!$D:$D,Setup!$A$4) | Q4: =SUMIFS(Slots!$K:$K,Slots!$A:$A,$A4,Slots!$D:$D,Setup!$A$5) | R4: =SUMIFS(Slots!$K:$K,Slots!$A:$A,$A4,Slots!$D:$D,Setup!$A$6)
A5: 46299 | B5: 0.95833333 | C5: 0.33333333 | D5: =IF(E5>0,IF(C5=B5,24,ROUND(MOD(C5-B5,1)*24,4)),0) | E5: =SUMIFS(Slots!$K:$K,Slots!$A:$A,$A5) | F5: =SUMIFS(Slots!$M:$M,Slots!$A:$A,$A5) | G5: =SUMIFS(Slots!$L:$L,Slots!$A:$A,$A5) | H5: =SUMIFS(Slots!$N:$N,Slots!$A:$A,$A5) | I5: =IF(F5>0,H5/F5,0) | J5: =SUMIFS(Slots!$N:$N,Slots!$A:$A,$A5,Slots!$E:$E,Setup!$D$2) | K5: =SUMIFS(Slots!$N:$N,Slots!$A:$A,$A5,Slots!$E:$E,Setup!$D$3) | L5: =IF(AND(N(Setup!$E$2)>0,SUMIFS(Slots!$M:$M,Slots!$A:$A,$A5,Slots!$E:$E,Setup!$D$2)>0),J5/(Setup!$E$2*SUMIFS(Slots!$M:$M,Slots!$A:$A,$A5,Slots!$E:$E,Setup!$D$2)),"") | M5: =IF(AND(N(Setup!$E$3)>0,SUMIFS(Slots!$M:$M,Slots!$A:$A,$A5,Slots!$E:$E,Setup!$D$3)>0),K5/(Setup!$E$3*SUMIFS(Slots!$M:$M,Slots!$A:$A,$A5,Slots!$E:$E,Setup!$D$3)),"") | N5: =SUMIFS(Slots!$K:$K,Slots!$A:$A,$A5,Slots!$D:$D,Setup!$A$2) | O5: =SUMIFS(Slots!$K:$K,Slots!$A:$A,$A5,Slots!$D:$D,Setup!$A$3) | P5: =SUMIFS(Slots!$K:$K,Slots!$A:$A,$A5,Slots!$D:$D,Setup!$A$4) | Q5: =SUMIFS(Slots!$K:$K,Slots!$A:$A,$A5,Slots!$D:$D,Setup!$A$5) | R5: =SUMIFS(Slots!$K:$K,Slots!$A:$A,$A5,Slots!$D:$D,Setup!$A$6)
A6: 46300 | B6: 0.95833333 | C6: 0.33333333 | D6: =IF(E6>0,IF(C6=B6,24,ROUND(MOD(C6-B6,1)*24,4)),0) | E6: =SUMIFS(Slots!$K:$K,Slots!$A:$A,$A6) | F6: =SUMIFS(Slots!$M:$M,Slots!$A:$A,$A6) | G6: =SUMIFS(Slots!$L:$L,Slots!$A:$A,$A6) | H6: =SUMIFS(Slots!$N:$N,Slots!$A:$A,$A6) | I6: =IF(F6>0,H6/F6,0) | J6: =SUMIFS(Slots!$N:$N,Slots!$A:$A,$A6,Slots!$E:$E,Setup!$D$2) | K6: =SUMIFS(Slots!$N:$N,Slots!$A:$A,$A6,Slots!$E:$E,Setup!$D$3) | L6: =IF(AND(N(Setup!$E$2)>0,SUMIFS(Slots!$M:$M,Slots!$A:$A,$A6,Slots!$E:$E,Setup!$D$2)>0),J6/(Setup!$E$2*SUMIFS(Slots!$M:$M,Slots!$A:$A,$A6,Slots!$E:$E,Setup!$D$2)),"") | M6: =IF(AND(N(Setup!$E$3)>0,SUMIFS(Slots!$M:$M,Slots!$A:$A,$A6,Slots!$E:$E,Setup!$D$3)>0),K6/(Setup!$E$3*SUMIFS(Slots!$M:$M,Slots!$A:$A,$A6,Slots!$E:$E,Setup!$D$3)),"") | N6: =SUMIFS(Slots!$K:$K,Slots!$A:$A,$A6,Slots!$D:$D,Setup!$A$2) | O6: =SUMIFS(Slots!$K:$K,Slots!$A:$A,$A6,Slots!$D:$D,Setup!$A$3) | P6: =SUMIFS(Slots!$K:$K,Slots!$A:$A,$A6,Slots!$D:$D,Setup!$A$4) | Q6: =SUMIFS(Slots!$K:$K,Slots!$A:$A,$A6,Slots!$D:$D,Setup!$A$5) | R6: =SUMIFS(Slots!$K:$K,Slots!$A:$A,$A6,Slots!$D:$D,Setup!$A$6)
A7: 46301 | B7: 0.95833333 | C7: 0.33333333 | D7: =IF(E7>0,IF(C7=B7,24,ROUND(MOD(C7-B7,1)*24,4)),0) | E7: =SUMIFS(Slots!$K:$K,Slots!$A:$A,$A7) | F7: =SUMIFS(Slots!$M:$M,Slots!$A:$A,$A7) | G7: =SUMIFS(Slots!$L:$L,Slots!$A:$A,$A7) | H7: =SUMIFS(Slots!$N:$N,Slots!$A:$A,$A7) | I7: =IF(F7>0,H7/F7,0) | J7: =SUMIFS(Slots!$N:$N,Slots!$A:$A,$A7,Slots!$E:$E,Setup!$D$2) | K7: =SUMIFS(Slots!$N:$N,Slots!$A:$A,$A7,Slots!$E:$E,Setup!$D$3) | L7: =IF(AND(N(Setup!$E$2)>0,SUMIFS(Slots!$M:$M,Slots!$A:$A,$A7,Slots!$E:$E,Setup!$D$2)>0),J7/(Setup!$E$2*SUMIFS(Slots!$M:$M,Slots!$A:$A,$A7,Slots!$E:$E,Setup!$D$2)),"") | M7: =IF(AND(N(Setup!$E$3)>0,SUMIFS(Slots!$M:$M,Slots!$A:$A,$A7,Slots!$E:$E,Setup!$D$3)>0),K7/(Setup!$E$3*SUMIFS(Slots!$M:$M,Slots!$A:$A,$A7,Slots!$E:$E,Setup!$D$3)),"") | N7: =SUMIFS(Slots!$K:$K,Slots!$A:$A,$A7,Slots!$D:$D,Setup!$A$2) | O7: =SUMIFS(Slots!$K:$K,Slots!$A:$A,$A7,Slots!$D:$D,Setup!$A$3) | P7: =SUMIFS(Slots!$K:$K,Slots!$A:$A,$A7,Slots!$D:$D,Setup!$A$4) | Q7: =SUMIFS(Slots!$K:$K,Slots!$A:$A,$A7,Slots!$D:$D,Setup!$A$5) | R7: =SUMIFS(Slots!$K:$K,Slots!$A:$A,$A7,Slots!$D:$D,Setup!$A$6)
A8: 46302 | B8: 0.95833333 | C8: 0.33333333 | D8: =IF(E8>0,IF(C8=B8,24,ROUND(MOD(C8-B8,1)*24,4)),0) | E8: =SUMIFS(Slots!$K:$K,Slots!$A:$A,$A8) | F8: =SUMIFS(Slots!$M:$M,Slots!$A:$A,$A8) | G8: =SUMIFS(Slots!$L:$L,Slots!$A:$A,$A8) | H8: =SUMIFS(Slots!$N:$N,Slots!$A:$A,$A8) | I8: =IF(F8>0,H8/F8,0) | J8: =SUMIFS(Slots!$N:$N,Slots!$A:$A,$A8,Slots!$E:$E,Setup!$D$2) | K8: =SUMIFS(Slots!$N:$N,Slots!$A:$A,$A8,Slots!$E:$E,Setup!$D$3) | L8: =IF(AND(N(Setup!$E$2)>0,SUMIFS(Slots!$M:$M,Slots!$A:$A,$A8,Slots!$E:$E,Setup!$D$2)>0),J8/(Setup!$E$2*SUMIFS(Slots!$M:$M,Slots!$A:$A,$A8,Slots!$E:$E,Setup!$D$2)),"") | M8: =IF(AND(N(Setup!$E$3)>0,SUMIFS(Slots!$M:$M,Slots!$A:$A,$A8,Slots!$E:$E,Setup!$D$3)>0),K8/(Setup!$E$3*SUMIFS(Slots!$M:$M,Slots!$A:$A,$A8,Slots!$E:$E,Setup!$D$3)),"") | N8: =SUMIFS(Slots!$K:$K,Slots!$A:$A,$A8,Slots!$D:$D,Setup!$A$2) | O8: =SUMIFS(Slots!$K:$K,Slots!$A:$A,$A8,Slots!$D:$D,Setup!$A$3) | P8: =SUMIFS(Slots!$K:$K,Slots!$A:$A,$A8,Slots!$D:$D,Setup!$A$4) | Q8: =SUMIFS(Slots!$K:$K,Slots!$A:$A,$A8,Slots!$D:$D,Setup!$A$5) | R8: =SUMIFS(Slots!$K:$K,Slots!$A:$A,$A8,Slots!$D:$D,Setup!$A$6)
A9: 46303 | B9: 0.95833333 | C9: 0.33333333 | D9: =IF(E9>0,IF(C9=B9,24,ROUND(MOD(C9-B9,1)*24,4)),0) | E9: =SUMIFS(Slots!$K:$K,Slots!$A:$A,$A9) | F9: =SUMIFS(Slots!$M:$M,Slots!$A:$A,$A9) | G9: =SUMIFS(Slots!$L:$L,Slots!$A:$A,$A9) | H9: =SUMIFS(Slots!$N:$N,Slots!$A:$A,$A9) | I9: =IF(F9>0,H9/F9,0) | J9: =SUMIFS(Slots!$N:$N,Slots!$A:$A,$A9,Slots!$E:$E,Setup!$D$2) | K9: =SUMIFS(Slots!$N:$N,Slots!$A:$A,$A9,Slots!$E:$E,Setup!$D$3) | L9: =IF(AND(N(Setup!$E$2)>0,SUMIFS(Slots!$M:$M,Slots!$A:$A,$A9,Slots!$E:$E,Setup!$D$2)>0),J9/(Setup!$E$2*SUMIFS(Slots!$M:$M,Slots!$A:$A,$A9,Slots!$E:$E,Setup!$D$2)),"") | M9: =IF(AND(N(Setup!$E$3)>0,SUMIFS(Slots!$M:$M,Slots!$A:$A,$A9,Slots!$E:$E,Setup!$D$3)>0),K9/(Setup!$E$3*SUMIFS(Slots!$M:$M,Slots!$A:$A,$A9,Slots!$E:$E,Setup!$D$3)),"") | N9: =SUMIFS(Slots!$K:$K,Slots!$A:$A,$A9,Slots!$D:$D,Setup!$A$2) | O9: =SUMIFS(Slots!$K:$K,Slots!$A:$A,$A9,Slots!$D:$D,Setup!$A$3) | P9: =SUMIFS(Slots!$K:$K,Slots!$A:$A,$A9,Slots!$D:$D,Setup!$A$4) | Q9: =SUMIFS(Slots!$K:$K,Slots!$A:$A,$A9,Slots!$D:$D,Setup!$A$5) | R9: =SUMIFS(Slots!$K:$K,Slots!$A:$A,$A9,Slots!$D:$D,Setup!$A$6)
A10: 46304 | B10: 0.95833333 | C10: 0.33333333 | D10: =IF(E10>0,IF(C10=B10,24,ROUND(MOD(C10-B10,1)*24,4)),0) | E10: =SUMIFS(Slots!$K:$K,Slots!$A:$A,$A10) | F10: =SUMIFS(Slots!$M:$M,Slots!$A:$A,$A10) | G10: =SUMIFS(Slots!$L:$L,Slots!$A:$A,$A10) | H10: =SUMIFS(Slots!$N:$N,Slots!$A:$A,$A10) | I10: =IF(F10>0,H10/F10,0) | J10: =SUMIFS(Slots!$N:$N,Slots!$A:$A,$A10,Slots!$E:$E,Setup!$D$2) | K10: =SUMIFS(Slots!$N:$N,Slots!$A:$A,$A10,Slots!$E:$E,Setup!$D$3) | L10: =IF(AND(N(Setup!$E$2)>0,SUMIFS(Slots!$M:$M,Slots!$A:$A,$A10,Slots!$E:$E,Setup!$D$2)>0),J10/(Setup!$E$2*SUMIFS(Slots!$M:$M,Slots!$A:$A,$A10,Slots!$E:$E,Setup!$D$2)),"") | M10: =IF(AND(N(Setup!$E$3)>0,SUMIFS(Slots!$M:$M,Slots!$A:$A,$A10,Slots!$E:$E,Setup!$D$3)>0),K10/(Setup!$E$3*SUMIFS(Slots!$M:$M,Slots!$A:$A,$A10,Slots!$E:$E,Setup!$D$3)),"") | N10: =SUMIFS(Slots!$K:$K,Slots!$A:$A,$A10,Slots!$D:$D,Setup!$A$2) | O10: =SUMIFS(Slots!$K:$K,Slots!$A:$A,$A10,Slots!$D:$D,Setup!$A$3) | P10: =SUMIFS(Slots!$K:$K,Slots!$A:$A,$A10,Slots!$D:$D,Setup!$A$4) | Q10: =SUMIFS(Slots!$K:$K,Slots!$A:$A,$A10,Slots!$D:$D,Setup!$A$5) | R10: =SUMIFS(Slots!$K:$K,Slots!$A:$A,$A10,Slots!$D:$D,Setup!$A$6)
A11: 46305 | B11: 0.95833333 | C11: 0.33333333 | D11: =IF(E11>0,IF(C11=B11,24,ROUND(MOD(C11-B11,1)*24,4)),0) | E11: =SUMIFS(Slots!$K:$K,Slots!$A:$A,$A11) | F11: =SUMIFS(Slots!$M:$M,Slots!$A:$A,$A11) | G11: =SUMIFS(Slots!$L:$L,Slots!$A:$A,$A11) | H11: =SUMIFS(Slots!$N:$N,Slots!$A:$A,$A11) | I11: =IF(F11>0,H11/F11,0) | J11: =SUMIFS(Slots!$N:$N,Slots!$A:$A,$A11,Slots!$E:$E,Setup!$D$2) | K11: =SUMIFS(Slots!$N:$N,Slots!$A:$A,$A11,Slots!$E:$E,Setup!$D$3) | L11: =IF(AND(N(Setup!$E$2)>0,SUMIFS(Slots!$M:$M,Slots!$A:$A,$A11,Slots!$E:$E,Setup!$D$2)>0),J11/(Setup!$E$2*SUMIFS(Slots!$M:$M,Slots!$A:$A,$A11,Slots!$E:$E,Setup!$D$2)),"") | M11: =IF(AND(N(Setup!$E$3)>0,SUMIFS(Slots!$M:$M,Slots!$A:$A,$A11,Slots!$E:$E,Setup!$D$3)>0),K11/(Setup!$E$3*SUMIFS(Slots!$M:$M,Slots!$A:$A,$A11,Slots!$E:$E,Setup!$D$3)),"") | N11: =SUMIFS(Slots!$K:$K,Slots!$A:$A,$A11,Slots!$D:$D,Setup!$A$2) | O11: =SUMIFS(Slots!$K:$K,Slots!$A:$A,$A11,Slots!$D:$D,Setup!$A$3) | P11: =SUMIFS(Slots!$K:$K,Slots!$A:$A,$A11,Slots!$D:$D,Setup!$A$4) | Q11: =SUMIFS(Slots!$K:$K,Slots!$A:$A,$A11,Slots!$D:$D,Setup!$A$5) | R11: =SUMIFS(Slots!$K:$K,Slots!$A:$A,$A11,Slots!$D:$D,Setup!$A$6)
A12: 46306 | B12: 0.95833333 | C12: 0.33333333 | D12: =IF(E12>0,IF(C12=B12,24,ROUND(MOD(C12-B12,1)*24,4)),0) | E12: =SUMIFS(Slots!$K:$K,Slots!$A:$A,$A12) | F12: =SUMIFS(Slots!$M:$M,Slots!$A:$A,$A12) | G12: =SUMIFS(Slots!$L:$L,Slots!$A:$A,$A12) | H12: =SUMIFS(Slots!$N:$N,Slots!$A:$A,$A12) | I12: =IF(F12>0,H12/F12,0) | J12: =SUMIFS(Slots!$N:$N,Slots!$A:$A,$A12,Slots!$E:$E,Setup!$D$2) | K12: =SUMIFS(Slots!$N:$N,Slots!$A:$A,$A12,Slots!$E:$E,Setup!$D$3) | L12: =IF(AND(N(Setup!$E$2)>0,SUMIFS(Slots!$M:$M,Slots!$A:$A,$A12,Slots!$E:$E,Setup!$D$2)>0),J12/(Setup!$E$2*SUMIFS(Slots!$M:$M,Slots!$A:$A,$A12,Slots!$E:$E,Setup!$D$2)),"") | M12: =IF(AND(N(Setup!$E$3)>0,SUMIFS(Slots!$M:$M,Slots!$A:$A,$A12,Slots!$E:$E,Setup!$D$3)>0),K12/(Setup!$E$3*SUMIFS(Slots!$M:$M,Slots!$A:$A,$A12,Slots!$E:$E,Setup!$D$3)),"") | N12: =SUMIFS(Slots!$K:$K,Slots!$A:$A,$A12,Slots!$D:$D,Setup!$A$2) | O12: =SUMIFS(Slots!$K:$K,Slots!$A:$A,$A12,Slots!$D:$D,Setup!$A$3) | P12: =SUMIFS(Slots!$K:$K,Slots!$A:$A,$A12,Slots!$D:$D,Setup!$A$4) | Q12: =SUMIFS(Slots!$K:$K,Slots!$A:$A,$A12,Slots!$D:$D,Setup!$A$5) | R12: =SUMIFS(Slots!$K:$K,Slots!$A:$A,$A12,Slots!$D:$D,Setup!$A$6)
A13: 46307 | B13: 0.95833333 | C13: 0.33333333 | D13: =IF(E13>0,IF(C13=B13,24,ROUND(MOD(C13-B13,1)*24,4)),0) | E13: =SUMIFS(Slots!$K:$K,Slots!$A:$A,$A13) | F13: =SUMIFS(Slots!$M:$M,Slots!$A:$A,$A13) | G13: =SUMIFS(Slots!$L:$L,Slots!$A:$A,$A13) | H13: =SUMIFS(Slots!$N:$N,Slots!$A:$A,$A13) | I13: =IF(F13>0,H13/F13,0) | J13: =SUMIFS(Slots!$N:$N,Slots!$A:$A,$A13,Slots!$E:$E,Setup!$D$2) | K13: =SUMIFS(Slots!$N:$N,Slots!$A:$A,$A13,Slots!$E:$E,Setup!$D$3) | L13: =IF(AND(N(Setup!$E$2)>0,SUMIFS(Slots!$M:$M,Slots!$A:$A,$A13,Slots!$E:$E,Setup!$D$2)>0),J13/(Setup!$E$2*SUMIFS(Slots!$M:$M,Slots!$A:$A,$A13,Slots!$E:$E,Setup!$D$2)),"") | M13: =IF(AND(N(Setup!$E$3)>0,SUMIFS(Slots!$M:$M,Slots!$A:$A,$A13,Slots!$E:$E,Setup!$D$3)>0),K13/(Setup!$E$3*SUMIFS(Slots!$M:$M,Slots!$A:$A,$A13,Slots!$E:$E,Setup!$D$3)),"") | N13: =SUMIFS(Slots!$K:$K,Slots!$A:$A,$A13,Slots!$D:$D,Setup!$A$2) | O13: =SUMIFS(Slots!$K:$K,Slots!$A:$A,$A13,Slots!$D:$D,Setup!$A$3) | P13: =SUMIFS(Slots!$K:$K,Slots!$A:$A,$A13,Slots!$D:$D,Setup!$A$4) | Q13: =SUMIFS(Slots!$K:$K,Slots!$A:$A,$A13,Slots!$D:$D,Setup!$A$5) | R13: =SUMIFS(Slots!$K:$K,Slots!$A:$A,$A13,Slots!$D:$D,Setup!$A$6)
... A32: 46326 | B32: 0.95833333 | C32: 0.33333333 | D32: =IF(E32>0,IF(C32=B32,24,ROUND(MOD(C32-B32,1)*24,4)),0) | E32: =SUMIFS(Slots!$K:$K,Slots!$A:$A,$A32) | F32: =SUMIFS(Slots!$M:$M,Slots!$A:$A,$A32) | G32: =SUMIFS(Slots!$L:$L,Slots!$A:$A,$A32) | H32: =SUMIFS(Slots!$N:$N,Slots!$A:$A,$A32) | I32: =IF(F32>0,H32/F32,0) | J32: =SUMIFS(Slots!$N:$N,Slots!$A:$A,$A32,Slots!$E:$E,Setup!$D$2) | K32: =SUMIFS(Slots!$N:$N,Slots!$A:$A,$A32,Slots!$E:$E,Setup!$D$3) | L32: =IF(AND(N(Setup!$E$2)>0,SUMIFS(Slots!$M:$M,Slots!$A:$A,$A32,Slots!$E:$E,Setup!$D$2)>0),J32/(Setup!$E$2*SUMIFS(Slots!$M:$M,Slots!$A:$A,$A32,Slots!$E:$E,Setup!$D$2)),"") | M32: =IF(AND(N(Setup!$E$3)>0,SUMIFS(Slots!$M:$M,Slots!$A:$A,$A32,Slots!$E:$E,Setup!$D$3)>0),K32/(Setup!$E$3*SUMIFS(Slots!$M:$M,Slots!$A:$A,$A32,Slots!$E:$E,Setup!$D$3)),"") | N32: =SUMIFS(Slots!$K:$K,Slots!$A:$A,$A32,Slots!$D:$D,Setup!$A$2) | O32: =SUMIFS(Slots!$K:$K,Slots!$A:$A,$A32,Slots!$D:$D,Setup!$A$3) | P32: =SUMIFS(Slots!$K:$K,Slots!$A:$A,$A32,Slots!$D:$D,Setup!$A$4) | Q32: =SUMIFS(Slots!$K:$K,Slots!$A:$A,$A32,Slots!$D:$D,Setup!$A$5) | R32: =SUMIFS(Slots!$K:$K,Slots!$A:$A,$A32,Slots!$D:$D,Setup!$A$6)

Sheet Slots
A1: date | B1: slot_start | C1: slot_end | D1: tag | E1: task | F1: tickets | G1: minutes (blank = full) | H1: slot_min | I1: productive | J1: minutes_counted | K1: hours | L1: hours_deducted | M1: productive_hours | N1: tickets_counted | O1: tickets_per_hour
A2: 46296 | B2: 0.95833333 | C2: 0.97916667 | H2: 30 | I2: =IF(D2="","",IFERROR(VLOOKUP(D2,Setup!$A$2:$B$60,2,FALSE),"")) | J2: =IF(I2="","",MIN(MAX(0,IF(G2="",H2,G2)),H2)) | K2: =IF(J2="","",J2/60) | L2: =IF(J2="","",(H2-J2)/60) | M2: =IF(I2="Y",K2,0) | N2: =IF(I2="Y",MAX(0,N(F2)),0) | O2: =IF(M2>0,N2/M2,"")
A3: 46296 | B3: 0.97916667 | C3: 0 | H3: 30 | I3: =IF(D3="","",IFERROR(VLOOKUP(D3,Setup!$A$2:$B$60,2,FALSE),"")) | J3: =IF(I3="","",MIN(MAX(0,IF(G3="",H3,G3)),H3)) | K3: =IF(J3="","",J3/60) | L3: =IF(J3="","",(H3-J3)/60) | M3: =IF(I3="Y",K3,0) | N3: =IF(I3="Y",MAX(0,N(F3)),0) | O3: =IF(M3>0,N3/M3,"")
A4: 46296 | B4: 0 | C4: 0.020833333 | H4: 30 | I4: =IF(D4="","",IFERROR(VLOOKUP(D4,Setup!$A$2:$B$60,2,FALSE),"")) | J4: =IF(I4="","",MIN(MAX(0,IF(G4="",H4,G4)),H4)) | K4: =IF(J4="","",J4/60) | L4: =IF(J4="","",(H4-J4)/60) | M4: =IF(I4="Y",K4,0) | N4: =IF(I4="Y",MAX(0,N(F4)),0) | O4: =IF(M4>0,N4/M4,"")
A5: 46296 | B5: 0.020833333 | C5: 0.041666667 | H5: 30 | I5: =IF(D5="","",IFERROR(VLOOKUP(D5,Setup!$A$2:$B$60,2,FALSE),"")) | J5: =IF(I5="","",MIN(MAX(0,IF(G5="",H5,G5)),H5)) | K5: =IF(J5="","",J5/60) | L5: =IF(J5="","",(H5-J5)/60) | M5: =IF(I5="Y",K5,0) | N5: =IF(I5="Y",MAX(0,N(F5)),0) | O5: =IF(M5>0,N5/M5,"")
A6: 46296 | B6: 0.041666667 | C6: 0.0625 | H6: 30 | I6: =IF(D6="","",IFERROR(VLOOKUP(D6,Setup!$A$2:$B$60,2,FALSE),"")) | J6: =IF(I6="","",MIN(MAX(0,IF(G6="",H6,G6)),H6)) | K6: =IF(J6="","",J6/60) | L6: =IF(J6="","",(H6-J6)/60) | M6: =IF(I6="Y",K6,0) | N6: =IF(I6="Y",MAX(0,N(F6)),0) | O6: =IF(M6>0,N6/M6,"")
A7: 46296 | B7: 0.0625 | C7: 0.083333333 | H7: 30 | I7: =IF(D7="","",IFERROR(VLOOKUP(D7,Setup!$A$2:$B$60,2,FALSE),"")) | J7: =IF(I7="","",MIN(MAX(0,IF(G7="",H7,G7)),H7)) | K7: =IF(J7="","",J7/60) | L7: =IF(J7="","",(H7-J7)/60) | M7: =IF(I7="Y",K7,0) | N7: =IF(I7="Y",MAX(0,N(F7)),0) | O7: =IF(M7>0,N7/M7,"")
A8: 46296 | B8: 0.083333333 | C8: 0.10416667 | H8: 30 | I8: =IF(D8="","",IFERROR(VLOOKUP(D8,Setup!$A$2:$B$60,2,FALSE),"")) | J8: =IF(I8="","",MIN(MAX(0,IF(G8="",H8,G8)),H8)) | K8: =IF(J8="","",J8/60) | L8: =IF(J8="","",(H8-J8)/60) | M8: =IF(I8="Y",K8,0) | N8: =IF(I8="Y",MAX(0,N(F8)),0) | O8: =IF(M8>0,N8/M8,"")
A9: 46296 | B9: 0.10416667 | C9: 0.125 | H9: 30 | I9: =IF(D9="","",IFERROR(VLOOKUP(D9,Setup!$A$2:$B$60,2,FALSE),"")) | J9: =IF(I9="","",MIN(MAX(0,IF(G9="",H9,G9)),H9)) | K9: =IF(J9="","",J9/60) | L9: =IF(J9="","",(H9-J9)/60) | M9: =IF(I9="Y",K9,0) | N9: =IF(I9="Y",MAX(0,N(F9)),0) | O9: =IF(M9>0,N9/M9,"")
A10: 46296 | B10: 0.125 | C10: 0.14583333 | H10: 30 | I10: =IF(D10="","",IFERROR(VLOOKUP(D10,Setup!$A$2:$B$60,2,FALSE),"")) | J10: =IF(I10="","",MIN(MAX(0,IF(G10="",H10,G10)),H10)) | K10: =IF(J10="","",J10/60) | L10: =IF(J10="","",(H10-J10)/60) | M10: =IF(I10="Y",K10,0) | N10: =IF(I10="Y",MAX(0,N(F10)),0) | O10: =IF(M10>0,N10/M10,"")
A11: 46296 | B11: 0.14583333 | C11: 0.16666667 | H11: 30 | I11: =IF(D11="","",IFERROR(VLOOKUP(D11,Setup!$A$2:$B$60,2,FALSE),"")) | J11: =IF(I11="","",MIN(MAX(0,IF(G11="",H11,G11)),H11)) | K11: =IF(J11="","",J11/60) | L11: =IF(J11="","",(H11-J11)/60) | M11: =IF(I11="Y",K11,0) | N11: =IF(I11="Y",MAX(0,N(F11)),0) | O11: =IF(M11>0,N11/M11,"")
A12: 46296 | B12: 0.16666667 | C12: 0.1875 | H12: 30 | I12: =IF(D12="","",IFERROR(VLOOKUP(D12,Setup!$A$2:$B$60,2,FALSE),"")) | J12: =IF(I12="","",MIN(MAX(0,IF(G12="",H12,G12)),H12)) | K12: =IF(J12="","",J12/60) | L12: =IF(J12="","",(H12-J12)/60) | M12: =IF(I12="Y",K12,0) | N12: =IF(I12="Y",MAX(0,N(F12)),0) | O12: =IF(M12>0,N12/M12,"")
A13: 46296 | B13: 0.1875 | C13: 0.20833333 | H13: 30 | I13: =IF(D13="","",IFERROR(VLOOKUP(D13,Setup!$A$2:$B$60,2,FALSE),"")) | J13: =IF(I13="","",MIN(MAX(0,IF(G13="",H13,G13)),H13)) | K13: =IF(J13="","",J13/60) | L13: =IF(J13="","",(H13-J13)/60) | M13: =IF(I13="Y",K13,0) | N13: =IF(I13="Y",MAX(0,N(F13)),0) | O13: =IF(M13>0,N13/M13,"")
... A487: 46322 | B487: 0.3125 | C487: 0.33333333 | H487: 30 | I487: =IF(D487="","",IFERROR(VLOOKUP(D487,Setup!$A$2:$B$60,2,FALSE),"")) | J487: =IF(I487="","",MIN(MAX(0,IF(G487="",H487,G487)),H487)) | K487: =IF(J487="","",J487/60) | L487: =IF(J487="","",(H487-J487)/60) | M487: =IF(I487="Y",K487,0) | N487: =IF(I487="Y",MAX(0,N(F487)),0) | O487: =IF(M487>0,N487/M487,"")
A488: 46323 | B488: 0.95833333 | C488: 0.97916667 | D488: SV | E488: SV | F488: 200 | G488: 30 | H488: 30 | I488: =IF(D488="","",IFERROR(VLOOKUP(D488,Setup!$A$2:$B$60,2,FALSE),"")) | J488: =IF(I488="","",MIN(MAX(0,IF(G488="",H488,G488)),H488)) | K488: =IF(J488="","",J488/60) | L488: =IF(J488="","",(H488-J488)/60) | M488: =IF(I488="Y",K488,0) | N488: =IF(I488="Y",MAX(0,N(F488)),0) | O488: =IF(M488>0,N488/M488,"")
A489: 46323 | B489: 0.97916667 | C489: 0 | H489: 30 | I489: =IF(D489="","",IFERROR(VLOOKUP(D489,Setup!$A$2:$B$60,2,FALSE),"")) | J489: =IF(I489="","",MIN(MAX(0,IF(G489="",H489,G489)),H489)) | K489: =IF(J489="","",J489/60) | L489: =IF(J489="","",(H489-J489)/60) | M489: =IF(I489="Y",K489,0) | N489: =IF(I489="Y",MAX(0,N(F489)),0) | O489: =IF(M489>0,N489/M489,"")
A490: 46323 | B490: 0 | C490: 0.020833333 | H490: 30 | I490: =IF(D490="","",IFERROR(VLOOKUP(D490,Setup!$A$2:$B$60,2,FALSE),"")) | J490: =IF(I490="","",MIN(MAX(0,IF(G490="",H490,G490)),H490)) | K490: =IF(J490="","",J490/60) | L490: =IF(J490="","",(H490-J490)/60) | M490: =IF(I490="Y",K490,0) | N490: =IF(I490="Y",MAX(0,N(F490)),0) | O490: =IF(M490>0,N490/M490,"")
A491: 46323 | B491: 0.020833333 | C491: 0.041666667 | H491: 30 | I491: =IF(D491="","",IFERROR(VLOOKUP(D491,Setup!$A$2:$B$60,2,FALSE),"")) | J491: =IF(I491="","",MIN(MAX(0,IF(G491="",H491,G491)),H491)) | K491: =IF(J491="","",J491/60) | L491: =IF(J491="","",(H491-J491)/60) | M491: =IF(I491="Y",K491,0) | N491: =IF(I491="Y",MAX(0,N(F491)),0) | O491: =IF(M491>0,N491/M491,"")
A492: 46323 | B492: 0.041666667 | C492: 0.0625 | D492: CM | E492: CM | F492: 500 | G492: 15 | H492: 30 | I492: =IF(D492="","",IFERROR(VLOOKUP(D492,Setup!$A$2:$B$60,2,FALSE),"")) | J492: =IF(I492="","",MIN(MAX(0,IF(G492="",H492,G492)),H492)) | K492: =IF(J492="","",J492/60) | L492: =IF(J492="","",(H492-J492)/60) | M492: =IF(I492="Y",K492,0) | N492: =IF(I492="Y",MAX(0,N(F492)),0) | O492: =IF(M492>0,N492/M492,"")
A493: 46323 | B493: 0.0625 | C493: 0.083333333 | H493: 30 | I493: =IF(D493="","",IFERROR(VLOOKUP(D493,Setup!$A$2:$B$60,2,FALSE),"")) | J493: =IF(I493="","",MIN(MAX(0,IF(G493="",H493,G493)),H493)) | K493: =IF(J493="","",J493/60) | L493: =IF(J493="","",(H493-J493)/60) | M493: =IF(I493="Y",K493,0) | N493: =IF(I493="Y",MAX(0,N(F493)),0) | O493: =IF(M493>0,N493/M493,"")
A494: 46323 | B494: 0.083333333 | C494: 0.10416667 | H494: 30 | I494: =IF(D494="","",IFERROR(VLOOKUP(D494,Setup!$A$2:$B$60,2,FALSE),"")) | J494: =IF(I494="","",MIN(MAX(0,IF(G494="",H494,G494)),H494)) | K494: =IF(J494="","",J494/60) | L494: =IF(J494="","",(H494-J494)/60) | M494: =IF(I494="Y",K494,0) | N494: =IF(I494="Y",MAX(0,N(F494)),0) | O494: =IF(M494>0,N494/M494,"")
A495: 46323 | B495: 0.10416667 | C495: 0.125 | H495: 30 | I495: =IF(D495="","",IFERROR(VLOOKUP(D495,Setup!$A$2:$B$60,2,FALSE),"")) | J495: =IF(I495="","",MIN(MAX(0,IF(G495="",H495,G495)),H495)) | K495: =IF(J495="","",J495/60) | L495: =IF(J495="","",(H495-J495)/60) | M495: =IF(I495="Y",K495,0) | N495: =IF(I495="Y",MAX(0,N(F495)),0) | O495: =IF(M495>0,N495/M495,"")
A496: 46323 | B496: 0.125 | C496: 0.14583333 | H496: 30 | I496: =IF(D496="","",IFERROR(VLOOKUP(D496,Setup!$A$2:$B$60,2,FALSE),"")) | J496: =IF(I496="","",MIN(MAX(0,IF(G496="",H496,G496)),H496)) | K496: =IF(J496="","",J496/60) | L496: =IF(J496="","",(H496-J496)/60) | M496: =IF(I496="Y",K496,0) | N496: =IF(I496="Y",MAX(0,N(F496)),0) | O496: =IF(M496>0,N496/M496,"")
A497: 46323 | B497: 0.14583333 | C497: 0.16666667 | H497: 30 | I497: =IF(D497="","",IFERROR(VLOOKUP(D497,Setup!$A$2:$B$60,2,FALSE),"")) | J497: =IF(I497="","",MIN(MAX(0,IF(G497="",H497,G497)),H497)) | K497: =IF(J497="","",J497/60) | L497: =IF(J497="","",(H497-J497)/60) | M497: =IF(I497="Y",K497,0) | N497: =IF(I497="Y",MAX(0,N(F497)),0) | O497: =IF(M497>0,N497/M497,"")
A498: 46323 | B498: 0.16666667 | C498: 0.1875 | H498: 30 | I498: =IF(D498="","",IFERROR(VLOOKUP(D498,Setup!$A$2:$B$60,2,FALSE),"")) | J498: =IF(I498="","",MIN(MAX(0,IF(G498="",H498,G498)),H498)) | K498: =IF(J498="","",J498/60) | L498: =IF(J498="","",(H498-J498)/60) | M498: =IF(I498="Y",K498,0) | N498: =IF(I498="Y",MAX(0,N(F498)),0) | O498: =IF(M498>0,N498/M498,"")
A499: 46323 | B499: 0.1875 | C499: 0.20833333 | H499: 30 | I499: =IF(D499="","",IFERROR(VLOOKUP(D499,Setup!$A$2:$B$60,2,FALSE),"")) | J499: =IF(I499="","",MIN(MAX(0,IF(G499="",H499,G499)),H499)) | K499: =IF(J499="","",J499/60) | L499: =IF(J499="","",(H499-J499)/60) | M499: =IF(I499="Y",K499,0) | N499: =IF(I499="Y",MAX(0,N(F499)),0) | O499: =IF(M499>0,N499/M499,"")
A500: 46323 | B500: 0.20833333 | C500: 0.22916667 | H500: 30 | I500: =IF(D500="","",IFERROR(VLOOKUP(D500,Setup!$A$2:$B$60,2,FALSE),"")) | J500: =IF(I500="","",MIN(MAX(0,IF(G500="",H500,G500)),H500)) | K500: =IF(J500="","",J500/60) | L500: =IF(J500="","",(H500-J500)/60) | M500: =IF(I500="Y",K500,0) | N500: =IF(I500="Y",MAX(0,N(F500)),0) | O500: =IF(M500>0,N500/M500,"")
A501: 46323 | B501: 0.22916667 | C501: 0.25 | H501: 30 | I501: =IF(D501="","",IFERROR(VLOOKUP(D501,Setup!$A$2:$B$60,2,FALSE),"")) | J501: =IF(I501="","",MIN(MAX(0,IF(G501="",H501,G501)),H501)) | K501: =IF(J501="","",J501/60) | L501: =IF(J501="","",(H501-J501)/60) | M501: =IF(I501="Y",K501,0) | N501: =IF(I501="Y",MAX(0,N(F501)),0) | O501: =IF(M501>0,N501/M501,"")
A502: 46323 | B502: 0.25 | C502: 0.27083333 | H502: 30 | I502: =IF(D502="","",IFERROR(VLOOKUP(D502,Setup!$A$2:$B$60,2,FALSE),"")) | J502: =IF(I502="","",MIN(MAX(0,IF(G502="",H502,G502)),H502)) | K502: =IF(J502="","",J502/60) | L502: =IF(J502="","",(H502-J502)/60) | M502: =IF(I502="Y",K502,0) | N502: =IF(I502="Y",MAX(0,N(F502)),0) | O502: =IF(M502>0,N502/M502,"")
A503: 46323 | B503: 0.27083333 | C503: 0.29166667 | H503: 30 | I503: =IF(D503="","",IFERROR(VLOOKUP(D503,Setup!$A$2:$B$60,2,FALSE),"")) | J503: =IF(I503="","",MIN(MAX(0,IF(G503="",H503,G503)),H503)) | K503: =IF(J503="","",J503/60) | L503: =IF(J503="","",(H503-J503)/60) | M503: =IF(I503="Y",K503,0) | N503: =IF(I503="Y",MAX(0,N(F503)),0) | O503: =IF(M503>0,N503/M503,"")
A504: 46323 | B504: 0.29166667 | C504: 0.3125 | H504: 30 | I504: =IF(D504="","",IFERROR(VLOOKUP(D504,Setup!$A$2:$B$60,2,FALSE),"")) | J504: =IF(I504="","",MIN(MAX(0,IF(G504="",H504,G504)),H504)) | K504: =IF(J504="","",J504/60) | L504: =IF(J504="","",(H504-J504)/60) | M504: =IF(I504="Y",K504,0) | N504: =IF(I504="Y",MAX(0,N(F504)),0) | O504: =IF(M504>0,N504/M504,"")
... A559: 46326 | B559: 0.3125 | C559: 0.33333333 | H559: 30 | I559: =IF(D559="","",IFERROR(VLOOKUP(D559,Setup!$A$2:$B$60,2,FALSE),"")) | J559: =IF(I559="","",MIN(MAX(0,IF(G559="",H559,G559)),H559)) | K559: =IF(J559="","",J559/60) | L559: =IF(J559="","",(H559-J559)/60) | M559: =IF(I559="Y",K559,0) | N559: =IF(I559="Y",MAX(0,N(F559)),0) | O559: =IF(M559>0,N559/M559,"")

Sheet Setup
A1: tag | B1: productive (Y/N) | D1: task | E1: quota / hr | G1: legend
A2: SV | B2: Y | D2: SV | E2: 200 | G2: blue = input you can edit, black = formula
A3: CM | B3: Y | D3: CM | E3: 3000 | G3: Slots: leave minutes blank for a full slot, or enter the real minutes. The rest is deducted.
A4: New tag 1 | B4: N | G4: Slots: add rows by copying the formula columns (I:O) down. date and slot_min (H) are inputs.
A5: New tag 2 | B5: N | G5: Tag and task names in Slots must match this sheet exactly.
A6: New tag 3 | B6: N | G6: Productive tags count toward tickets/hr. Tickets on other tags are ignored.
G7: Summary: set From/To for any day, week or month. Daily lists the days exported.
