Workbook

Sheet Summary
A1: shift.mk / productivity
A2: TICKETS PER HOUR · QUOTAS · SET FROM / TO TO REPORT ANY DAY, WEEK OR MONTH
A3: FROM | B3: 46296
A4: TO | B4: 46326
A6: TICKETS | B6: PRODUCTIVE HRS | C6: TICKETS / HR | D6: LOGGED HRS | E6: DEDUCTED HRS | F6: SHIFT HRS
A7: =SUMIFS(Slots!$M:$M,Slots!$A:$A,">="&$B$3,Slots!$A:$A,"<="&$B$4) | B7: =SUMIFS(Slots!$L:$L,Slots!$A:$A,">="&$B$3,Slots!$A:$A,"<="&$B$4) | C7: =IF(B7>0,A7/B7,0) | D7: =SUMIFS(Slots!$J:$J,Slots!$A:$A,">="&$B$3,Slots!$A:$A,"<="&$B$4) | E7: =SUMIFS(Slots!$K:$K,Slots!$A:$A,">="&$B$3,Slots!$A:$A,"<="&$B$4) | F7: =SUMIFS(Daily!$D:$D,Daily!$A:$A,">="&$B$3,Daily!$A:$A,"<="&$B$4)
A9: tickets / hr = tickets ÷ productive hours, after deductions. Ranges sum the daily totals, so it is weighted by hours.
A11: TASKS VS QUOTA (PRODUCTIVE TAGS)
A12: TASK | B12: TICKETS | C12: HOURS | D12: T / HR | E12: QUOTA / H | F12: EXPECTED | G12: ATTAINMENT
A13: =IF(AND(Setup!$A$2<>"",Setup!$B$2="Y"),Setup!$A$2,"") | B13: =IF($A13="","",SUMIFS(Slots!$M:$M,Slots!$A:$A,">="&$B$3,Slots!$A:$A,"<="&$B$4,Slots!$D:$D,$A13)) | C13: =IF($A13="","",SUMIFS(Slots!$L:$L,Slots!$A:$A,">="&$B$3,Slots!$A:$A,"<="&$B$4,Slots!$D:$D,$A13)) | D13: =IF($A13="","",IF(C13>0,B13/C13,0)) | E13: =IF($A13="","",IF(N(Setup!$C$2)>0,Setup!$C$2,"")) | F13: =IF($A13="","",IF(AND(N(E13)>0,C13>0),E13*C13,"")) | G13: =IF($A13="","",IF(F13="","",B13/F13))
A14: =IF(AND(Setup!$A$3<>"",Setup!$B$3="Y"),Setup!$A$3,"") | B14: =IF($A14="","",SUMIFS(Slots!$M:$M,Slots!$A:$A,">="&$B$3,Slots!$A:$A,"<="&$B$4,Slots!$D:$D,$A14)) | C14: =IF($A14="","",SUMIFS(Slots!$L:$L,Slots!$A:$A,">="&$B$3,Slots!$A:$A,"<="&$B$4,Slots!$D:$D,$A14)) | D14: =IF($A14="","",IF(C14>0,B14/C14,0)) | E14: =IF($A14="","",IF(N(Setup!$C$3)>0,Setup!$C$3,"")) | F14: =IF($A14="","",IF(AND(N(E14)>0,C14>0),E14*C14,"")) | G14: =IF($A14="","",IF(F14="","",B14/F14))
A15: =IF(AND(Setup!$A$7<>"",Setup!$B$7="Y"),Setup!$A$7,"") | B15: =IF($A15="","",SUMIFS(Slots!$M:$M,Slots!$A:$A,">="&$B$3,Slots!$A:$A,"<="&$B$4,Slots!$D:$D,$A15)) | C15: =IF($A15="","",SUMIFS(Slots!$L:$L,Slots!$A:$A,">="&$B$3,Slots!$A:$A,"<="&$B$4,Slots!$D:$D,$A15)) | D15: =IF($A15="","",IF(C15>0,B15/C15,0)) | E15: =IF($A15="","",IF(N(Setup!$C$7)>0,Setup!$C$7,"")) | F15: =IF($A15="","",IF(AND(N(E15)>0,C15>0),E15*C15,"")) | G15: =IF($A15="","",IF(F15="","",B15/F15))
A16: =IF(AND(Setup!$A$8<>"",Setup!$B$8="Y"),Setup!$A$8,"") | B16: =IF($A16="","",SUMIFS(Slots!$M:$M,Slots!$A:$A,">="&$B$3,Slots!$A:$A,"<="&$B$4,Slots!$D:$D,$A16)) | C16: =IF($A16="","",SUMIFS(Slots!$L:$L,Slots!$A:$A,">="&$B$3,Slots!$A:$A,"<="&$B$4,Slots!$D:$D,$A16)) | D16: =IF($A16="","",IF(C16>0,B16/C16,0)) | E16: =IF($A16="","",IF(N(Setup!$C$8)>0,Setup!$C$8,"")) | F16: =IF($A16="","",IF(AND(N(E16)>0,C16>0),E16*C16,"")) | G16: =IF($A16="","",IF(F16="","",B16/F16))
A17: =IF(AND(Setup!$A$9<>"",Setup!$B$9="Y"),Setup!$A$9,"") | B17: =IF($A17="","",SUMIFS(Slots!$M:$M,Slots!$A:$A,">="&$B$3,Slots!$A:$A,"<="&$B$4,Slots!$D:$D,$A17)) | C17: =IF($A17="","",SUMIFS(Slots!$L:$L,Slots!$A:$A,">="&$B$3,Slots!$A:$A,"<="&$B$4,Slots!$D:$D,$A17)) | D17: =IF($A17="","",IF(C17>0,B17/C17,0)) | E17: =IF($A17="","",IF(N(Setup!$C$9)>0,Setup!$C$9,"")) | F17: =IF($A17="","",IF(AND(N(E17)>0,C17>0),E17*C17,"")) | G17: =IF($A17="","",IF(F17="","",B17/F17))
A18: =IF(AND(Setup!$A$10<>"",Setup!$B$10="Y"),Setup!$A$10,"") | B18: =IF($A18="","",SUMIFS(Slots!$M:$M,Slots!$A:$A,">="&$B$3,Slots!$A:$A,"<="&$B$4,Slots!$D:$D,$A18)) | C18: =IF($A18="","",SUMIFS(Slots!$L:$L,Slots!$A:$A,">="&$B$3,Slots!$A:$A,"<="&$B$4,Slots!$D:$D,$A18)) | D18: =IF($A18="","",IF(C18>0,B18/C18,0)) | E18: =IF($A18="","",IF(N(Setup!$C$10)>0,Setup!$C$10,"")) | F18: =IF($A18="","",IF(AND(N(E18)>0,C18>0),E18*C18,"")) | G18: =IF($A18="","",IF(F18="","",B18/F18))
A20: TIME BY TAG
A21: TAG | B21: HOURS | C21: % OF LOGGED
A22: =IF(Setup!$A$2="","",Setup!$A$2) | B22: =IF($A22="","",SUMIFS(Slots!$J:$J,Slots!$A:$A,">="&$B$3,Slots!$A:$A,"<="&$B$4,Slots!$D:$D,$A22)) | C22: =IF($A22="","",IF($D$7>0,B22/$D$7,0))
A23: =IF(Setup!$A$3="","",Setup!$A$3) | B23: =IF($A23="","",SUMIFS(Slots!$J:$J,Slots!$A:$A,">="&$B$3,Slots!$A:$A,"<="&$B$4,Slots!$D:$D,$A23)) | C23: =IF($A23="","",IF($D$7>0,B23/$D$7,0))
A24: =IF(Setup!$A$4="","",Setup!$A$4) | B24: =IF($A24="","",SUMIFS(Slots!$J:$J,Slots!$A:$A,">="&$B$3,Slots!$A:$A,"<="&$B$4,Slots!$D:$D,$A24)) | C24: =IF($A24="","",IF($D$7>0,B24/$D$7,0))
A25: =IF(Setup!$A$5="","",Setup!$A$5) | B25: =IF($A25="","",SUMIFS(Slots!$J:$J,Slots!$A:$A,">="&$B$3,Slots!$A:$A,"<="&$B$4,Slots!$D:$D,$A25)) | C25: =IF($A25="","",IF($D$7>0,B25/$D$7,0))
A26: =IF(Setup!$A$6="","",Setup!$A$6) | B26: =IF($A26="","",SUMIFS(Slots!$J:$J,Slots!$A:$A,">="&$B$3,Slots!$A:$A,"<="&$B$4,Slots!$D:$D,$A26)) | C26: =IF($A26="","",IF($D$7>0,B26/$D$7,0))
A27: =IF(Setup!$A$7="","",Setup!$A$7) | B27: =IF($A27="","",SUMIFS(Slots!$J:$J,Slots!$A:$A,">="&$B$3,Slots!$A:$A,"<="&$B$4,Slots!$D:$D,$A27)) | C27: =IF($A27="","",IF($D$7>0,B27/$D$7,0))
A28: =IF(Setup!$A$8="","",Setup!$A$8) | B28: =IF($A28="","",SUMIFS(Slots!$J:$J,Slots!$A:$A,">="&$B$3,Slots!$A:$A,"<="&$B$4,Slots!$D:$D,$A28)) | C28: =IF($A28="","",IF($D$7>0,B28/$D$7,0))
A29: =IF(Setup!$A$9="","",Setup!$A$9) | B29: =IF($A29="","",SUMIFS(Slots!$J:$J,Slots!$A:$A,">="&$B$3,Slots!$A:$A,"<="&$B$4,Slots!$D:$D,$A29)) | C29: =IF($A29="","",IF($D$7>0,B29/$D$7,0))
A30: =IF(Setup!$A$10="","",Setup!$A$10) | B30: =IF($A30="","",SUMIFS(Slots!$J:$J,Slots!$A:$A,">="&$B$3,Slots!$A:$A,"<="&$B$4,Slots!$D:$D,$A30)) | C30: =IF($A30="","",IF($D$7>0,B30/$D$7,0))

Sheet Daily
A1: DATE | B1: SHIFT START | C1: SHIFT END | D1: SCHEDULED HRS | E1: LOGGED HRS | F1: PRODUCTIVE HRS | G1: DEDUCTED HRS | H1: TICKETS | I1: TICKETS / HR | J1: SV TICKETS | K1: CM TICKETS | L1: SV QUOTA % | M1: CM QUOTA % | N1: SV HRS | O1: CM HRS | P1: NEW TAG 1 HRS | Q1: NEW TAG 2 HRS | R1: NEW TAG 3 HRS
A2: 46323 | B2: 0.95833333 | C2: 0.33333333 | D2: =IF(E2>0,IF(C2=B2,24,ROUND(MOD(C2-B2,1)*24,4)),0) | E2: =SUMIFS(Slots!$J:$J,Slots!$A:$A,$A2) | F2: =SUMIFS(Slots!$L:$L,Slots!$A:$A,$A2) | G2: =SUMIFS(Slots!$K:$K,Slots!$A:$A,$A2) | H2: =SUMIFS(Slots!$M:$M,Slots!$A:$A,$A2) | I2: =IF(F2>0,H2/F2,0) | J2: =SUMIFS(Slots!$M:$M,Slots!$A:$A,$A2,Slots!$D:$D,Setup!$A$2) | K2: =SUMIFS(Slots!$M:$M,Slots!$A:$A,$A2,Slots!$D:$D,Setup!$A$3) | L2: =IF(AND(N(Setup!$C$2)>0,SUMIFS(Slots!$L:$L,Slots!$A:$A,$A2,Slots!$D:$D,Setup!$A$2)>0),J2/(Setup!$C$2*SUMIFS(Slots!$L:$L,Slots!$A:$A,$A2,Slots!$D:$D,Setup!$A$2)),"") | M2: =IF(AND(N(Setup!$C$3)>0,SUMIFS(Slots!$L:$L,Slots!$A:$A,$A2,Slots!$D:$D,Setup!$A$3)>0),K2/(Setup!$C$3*SUMIFS(Slots!$L:$L,Slots!$A:$A,$A2,Slots!$D:$D,Setup!$A$3)),"") | N2: =SUMIFS(Slots!$J:$J,Slots!$A:$A,$A2,Slots!$D:$D,Setup!$A$2) | O2: =SUMIFS(Slots!$J:$J,Slots!$A:$A,$A2,Slots!$D:$D,Setup!$A$3) | P2: =SUMIFS(Slots!$J:$J,Slots!$A:$A,$A2,Slots!$D:$D,Setup!$A$4) | Q2: =SUMIFS(Slots!$J:$J,Slots!$A:$A,$A2,Slots!$D:$D,Setup!$A$5) | R2: =SUMIFS(Slots!$J:$J,Slots!$A:$A,$A2,Slots!$D:$D,Setup!$A$6)

Sheet Slots
A1: DATE | B1: INTERVAL START | C1: INTERVAL END | D1: TAG | E1: TICKETS | F1: MINUTES WORKED | G1: INTERVAL MIN | H1: PRODUCTIVE | I1: COUNTED MIN | J1: HOURS (CALCULATED) | K1: HRS DEDUCTED | L1: PRODUCTIVE HRS | M1: TICKETS COUNTED | N1: TICKETS / HR
A2: 46323 | B2: 0.95833333 | C2: 0.97916667 | D2: SV | E2: 200 | F2: 30 | G2: 30 | H2: =IF(D2="","",IFERROR(VLOOKUP(D2,Setup!$A$2:$B$60,2,FALSE),"")) | I2: =IF(H2="","",MIN(MAX(0,IF(F2="",G2,F2)),G2)) | J2: =IF(I2="","",I2/60) | K2: =IF(I2="","",(G2-I2)/60) | L2: =IF(H2="Y",J2,0) | M2: =IF(H2="Y",MAX(0,N(E2)),0) | N2: =IF(L2>0,M2/L2,"")
A3: 46323 | B3: 0.041666667 | C3: 0.0625 | D3: CM | E3: 500 | F3: 15 | G3: 30 | H3: =IF(D3="","",IFERROR(VLOOKUP(D3,Setup!$A$2:$B$60,2,FALSE),"")) | I3: =IF(H3="","",MIN(MAX(0,IF(F3="",G3,F3)),G3)) | J3: =IF(I3="","",I3/60) | K3: =IF(I3="","",(G3-I3)/60) | L3: =IF(H3="Y",J3,0) | M3: =IF(H3="Y",MAX(0,N(E3)),0) | N3: =IF(L3>0,M3/L3,"")

Sheet Setup
A1: TAG | B1: PRODUCTIVE (Y/N) | C1: QUOTA / HR | E1: HOW THIS WORKBOOK WORKS
A2: SV | B2: Y | C2: 200 | E2: Accent headers are inputs you type into. Dim headers are formulas, leave them alone.
A3: CM | B3: Y | C3: 3000 | E3: Setup: mark a tag Y to make it a task. It counts toward tickets/hr and can have a quota / hr.
A4: New tag 1 | B4: N | E4: Slots: pick a tag from the dropdown and enter tickets and MINUTES WORKED. Leave minutes blank for the full interval. HOURS (CALCULATED) is derived from minutes; do not enter it.
A5: New tag 2 | B5: N | E5: Slots: to add rows, copy the last row down so the formula columns come with it.
A6: New tag 3 | B6: N | E6: New tags go in the blank rows under the tag list on this sheet.
E7: Summary: set FROM / TO for any day, week or month. Daily lists the days that were exported.
